,06186500,06187950,06188000,06190540,06191000,06187915,06191500,06192500,06200000,06195600,06214500,06204050,06205000,06207500,06209500,06211500,06211000,06208500,06217700,06216000
sw_rad_mean,0.758,0.671,0.702,0.146,0.732,0.716,0.772,0.766,0.712,0.543,0.699,0.637,0.738,0.652,0.775,-0.921,-0.038,0.635,-0.024,0.018
sw_rad_mean_lag1w,0.779,0.647,0.683,0.117,0.75,0.734,0.77,0.766,0.748,0.544,0.772,0.688,0.742,0.728,0.763,-0.939,0.006,0.738,0.028,-0.024
sw_rad_mean_lag2w,0.716,0.673,0.641,0.174,0.673,0.704,0.745,0.728,0.718,0.462,0.662,0.638,0.707,0.683,0.749,-1.013,0.037,0.634,-0.006,0.026
sw_rad_mean_lag3w,0.715,0.643,0.707,0.159,0.699,0.733,0.754,0.745,0.731,0.496,0.685,0.631,0.733,0.681,0.768,-0.431,0.03,0.674,-0.014,0.023
sw_rad_mean_lag4w,0.735,0.78,0.687,0.123,0.664,0.736,0.737,0.734,0.733,0.477,0.709,0.638,0.711,0.677,0.777,-0.768,0.003,0.668,-0.003,0.017
sw_rad_mean_lag5w,0.701,0.688,0.736,0.139,0.702,0.727,0.73,0.739,0.731,0.602,0.728,0.619,0.724,0.673,0.765,-0.745,0.079,0.663,-0.006,0.02
sw_rad_mean_lag6w,0.739,0.689,0.711,0.151,0.727,0.691,0.754,0.733,0.701,0.543,0.731,0.645,0.712,0.662,0.783,-0.963,0.12,0.671,-0.02,0.011
sw_rad_mean_lag7w,0.714,0.717,0.716,0.046,0.681,0.722,0.73,0.718,0.734,0.472,0.693,0.624,0.715,0.654,0.755,-1.077,0.114,0.651,-0.002,0.016
sw_rad_mean_lag8w,0.697,0.768,0.769,0.08,0.748,0.758,0.771,0.76,0.775,0.542,0.743,0.554,0.763,0.693,0.772,-0.796,0.036,0.695,0.002,0.03
sw_rad_mean_lag9w,0.724,0.705,0.738,0.144,0.686,0.764,0.758,0.761,0.757,0.372,0.738,0.612,0.766,0.707,0.788,-0.998,-0.127,0.699,0.005,0.026
sw_rad_mean_lag10w,0.742,0.626,0.679,0.119,0.677,0.649,0.717,0.697,0.674,0.464,0.672,0.672,0.684,0.582,0.753,-0.251,-0.163,0.545,-0.003,0.014
sw_rad_mean_lag11w,0.747,0.716,0.659,0.205,0.645,0.659,0.719,0.703,0.678,0.308,0.655,0.691,0.68,0.612,0.755,-0.252,0.222,0.607,-0.009,0.012
sw_rad_mean_lag12w,0.711,0.724,0.667,0.071,0.553,0.635,0.66,0.648,0.654,0.212,0.6,0.62,0.659,0.554,0.77,-0.022,0.135,0.537,0.042,0.008
sw_rad_mean_lag13w,0.728,0.684,0.72,0.151,0.675,0.694,0.726,0.724,0.695,0.362,0.687,0.606,0.705,0.631,0.767,0.075,0.204,0.621,0.039,0.013
sw_rad_mean_lag14w,0.726,0.699,0.633,0.166,0.642,0.686,0.672,0.681,0.671,0.395,0.686,0.657,0.688,0.655,0.754,0.055,0.249,0.651,0.005,0.016
sw_rad_mean_lag15w,0.786,0.546,0.645,0.079,0.676,0.699,0.717,0.698,0.706,0.523,0.7,0.686,0.712,0.664,0.78,0.037,-0.399,0.693,0.031,0.008
sw_rad_stdDev,0.758,0.671,0.702,0.146,0.732,0.716,0.772,0.766,0.712,0.543,0.699,0.637,0.738,0.652,0.775,-0.921,-0.038,0.635,-0.024,0.018
sw_rad_stdDev_lag1w,0.748,0.679,0.7,0.125,0.743,0.689,0.777,0.753,0.675,0.566,0.684,0.697,0.695,0.654,0.726,-1.107,-0.076,0.641,-0.008,0.019
sw_rad_stdDev_lag2w,0.68,0.707,0.661,0.147,0.656,0.661,0.712,0.685,0.66,0.571,0.627,0.659,0.685,0.61,0.723,-1.179,-0.233,0.595,0.023,0.015
sw_rad_stdDev_lag3w,0.721,0.682,0.697,0.099,0.705,0.699,0.744,0.727,0.71,0.511,0.667,0.685,0.722,0.643,0.743,-1.168,-0.221,0.636,-0.125,0.018
sw_rad_stdDev_lag4w,0.735,0.71,0.697,0.116,0.651,0.683,0.715,0.712,0.684,0.578,0.662,0.66,0.679,0.612,0.742,-1.203,-0.219,0.603,0.002,0.019
sw_rad_stdDev_lag5w,0.676,0.686,0.659,0.121,0.661,0.669,0.713,0.707,0.655,0.586,0.635,0.642,0.665,0.608,0.712,-1.196,-0.207,0.606,-0.208,0.025
sw_rad_stdDev_lag6w,0.726,0.669,0.704,0.117,0.727,0.666,0.764,0.749,0.657,0.421,0.668,0.674,0.687,0.641,0.737,-1.122,-0.176,0.624,0.017,0.025
sw_rad_stdDev_lag7w,0.737,0.674,0.676,0.092,0.674,0.638,0.716,0.7,0.673,0.391,0.675,0.627,0.68,0.609,0.731,-1.135,-0.227,0.595,-0.055,0.026
sw_rad_stdDev_lag8w,0.743,0.675,0.698,0.078,0.726,0.725,0.754,0.755,0.719,0.598,0.726,0.613,0.738,0.637,0.757,-1.187,-0.224,0.637,-0.013,-0.006
sw_rad_stdDev_lag9w,0.719,0.683,0.697,0.148,0.678,0.736,0.732,0.725,0.757,0.442,0.727,0.607,0.778,0.682,0.788,-0.63,-0.045,0.683,-0.008,0.029
sw_rad_stdDev_lag10w,0.702,0.677,0.635,0.074,0.641,0.594,0.701,0.682,0.612,0.426,0.571,0.671,0.621,0.539,0.705,-0.737,-0.063,0.515,-0.336,0.03
sw_rad_stdDev_lag11w,0.694,0.673,0.599,0.155,0.582,0.587,0.667,0.639,0.587,0.404,0.55,0.681,0.619,0.542,0.688,-0.818,0.296,0.515,-0.054,0.031
sw_rad_stdDev_lag12w,0.734,0.669,0.632,0.097,0.555,0.626,0.67,0.64,0.611,0.373,0.587,0.647,0.669,0.559,0.765,-0.03,0.311,0.543,0.034,0.027
sw_rad_stdDev_lag13w,0.738,0.695,0.689,0.117,0.689,0.713,0.738,0.743,0.717,0.469,0.698,0.633,0.712,0.656,0.744,0.086,0.18,0.658,0.031,0.022
sw_rad_stdDev_lag14w,0.741,0.685,0.616,0.116,0.682,0.716,0.743,0.713,0.673,0.537,0.686,0.649,0.736,0.639,0.745,0.056,0.227,0.617,0.029,0.026
sw_rad_stdDev_lag15w,0.795,0.655,0.718,0.069,0.739,0.751,0.796,0.779,0.747,0.501,0.755,0.683,0.75,0.7,0.792,0.043,-0.864,0.714,0.077,0.02
tmax_max,0.758,0.671,0.702,0.146,0.732,0.716,0.772,0.766,0.712,0.543,0.699,0.637,0.738,0.652,0.775,-0.921,-0.038,0.635,-0.024,0.018
tmax_max_lag1w,0.768,0.671,0.703,0.141,0.748,0.719,0.792,0.768,0.698,0.568,0.699,0.702,0.722,0.698,0.732,-0.856,-0.061,0.661,-0.029,0.016
tmax_max_lag2w,0.708,0.636,0.672,0.154,0.681,0.718,0.742,0.719,0.692,0.567,0.647,0.663,0.707,0.656,0.75,-0.907,-0.026,0.622,-0.013,-0.01
tmax_max_lag3w,0.727,0.708,0.732,0.129,0.735,0.708,0.758,0.726,0.668,0.491,0.665,0.686,0.706,0.669,0.742,-0.772,-0.119,0.651,0.0,-0.034
tmax_max_lag4w,0.714,0.56,0.686,0.162,0.666,0.678,0.717,0.72,0.646,0.631,0.673,0.656,0.684,0.624,0.768,-0.802,0.016,0.602,-0.016,0.075
tmax_max_lag5w,0.731,0.721,0.649,0.085,0.642,0.706,0.711,0.705,0.696,0.588,0.661,0.655,0.697,0.638,0.752,-0.658,0.081,0.614,0.008,0.019
tmax_max_lag6w,0.755,0.709,0.676,0.147,0.648,0.647,0.73,0.705,0.647,0.445,0.647,0.71,0.687,0.603,0.769,-0.778,0.004,0.577,0.037,0.03
tmax_max_lag7w,0.727,0.725,0.702,0.147,0.648,0.683,0.72,0.707,0.695,0.46,0.666,0.638,0.721,0.649,0.748,-0.853,0.004,0.609,0.066,0.023
tmax_max_lag8w,0.729,0.751,0.717,0.108,0.707,0.705,0.73,0.726,0.651,0.504,0.641,0.599,0.698,0.634,0.774,-0.592,0.193,0.557,0.066,0.058
tmax_max_lag9w,0.721,0.749,0.701,0.156,0.666,0.701,0.729,0.718,0.67,0.323,0.674,0.627,0.742,0.656,0.787,-0.877,0.077,0.616,-0.005,0.035
tmax_max_lag10w,0.723,0.644,0.702,0.115,0.647,0.641,0.727,0.713,0.657,0.501,0.617,0.687,0.63,0.597,0.742,-0.202,0.067,0.568,0.019,0.037
tmax_max_lag11w,0.738,0.71,0.653,0.197,0.633,0.646,0.705,0.679,0.634,0.454,0.576,0.69,0.645,0.54,0.713,-0.17,0.273,0.52,-0.012,0.029
tmax_max_lag12w,0.74,0.731,0.711,0.1,0.611,0.669,0.703,0.679,0.668,0.478,0.613,0.663,0.681,0.603,0.779,-0.01,0.18,0.57,0.028,0.046
tmax_max_lag13w,0.751,0.738,0.724,0.123,0.701,0.723,0.762,0.764,0.731,0.544,0.703,0.671,0.728,0.659,0.766,0.08,0.228,0.655,0.003,0.029
tmax_max_lag14w,0.749,0.754,0.676,0.112,0.693,0.748,0.763,0.741,0.706,0.51,0.703,0.624,0.753,0.658,0.758,0.045,0.303,0.642,0.041,0.025
tmax_max_lag15w,0.796,0.672,0.723,0.108,0.765,0.786,0.795,0.773,0.758,0.492,0.758,0.698,0.768,0.729,0.806,0.056,-0.363,0.715,0.006,0.019
tmax_mean,0.758,0.671,0.702,0.146,0.732,0.716,0.772,0.766,0.712,0.543,0.699,0.637,0.738,0.652,0.775,-0.921,-0.038,0.635,-0.024,0.018
tmax_mean_lag1w,0.764,0.698,0.708,0.13,0.752,0.716,0.787,0.775,0.704,0.558,0.692,0.693,0.728,0.697,0.744,-1.015,-0.082,0.657,-0.045,0.014
tmax_mean_lag2w,0.716,0.676,0.679,0.16,0.696,0.725,0.731,0.718,0.705,0.576,0.661,0.659,0.716,0.651,0.757,-0.87,-0.131,0.623,-0.003,0.011
tmax_mean_lag3w,0.729,0.693,0.74,0.125,0.741,0.699,0.782,0.766,0.675,0.488,0.669,0.683,0.703,0.679,0.754,-0.872,-0.097,0.652,-0.038,0.098
tmax_mean_lag4w,0.691,0.652,0.669,0.142,0.65,0.654,0.725,0.713,0.646,0.608,0.645,0.667,0.651,0.598,0.728,-0.885,-0.036,0.566,-0.002,-0.067
tmax_mean_lag5w,0.722,0.685,0.624,0.114,0.637,0.704,0.697,0.702,0.679,0.56,0.662,0.665,0.705,0.628,0.755,-1.032,-0.137,0.618,-0.004,0.011
tmax_mean_lag6w,0.746,0.687,0.72,0.201,0.691,0.707,0.744,0.727,0.692,0.467,0.693,0.687,0.733,0.641,0.774,-0.926,0.022,0.639,0.046,0.028
tmax_mean_lag7w,0.741,0.747,0.682,0.11,0.668,0.707,0.705,0.696,0.699,0.429,0.639,0.641,0.712,0.637,0.752,-0.877,0.153,0.598,0.062,0.037
tmax_mean_lag8w,0.729,0.755,0.703,0.082,0.697,0.737,0.775,0.765,0.72,0.47,0.7,0.587,0.733,0.67,0.767,-0.58,0.089,0.65,0.053,0.059
tmax_mean_lag9w,0.706,0.759,0.647,0.155,0.627,0.706,0.727,0.706,0.659,0.334,0.668,0.621,0.723,0.631,0.79,-0.856,0.081,0.584,-0.025,0.037
tmax_mean_lag10w,0.726,0.644,0.688,0.104,0.666,0.618,0.733,0.706,0.648,0.475,0.624,0.691,0.653,0.594,0.731,-0.111,0.03,0.581,-0.038,0.017
tmax_mean_lag11w,0.725,0.714,0.669,0.179,0.667,0.653,0.706,0.706,0.63,0.427,0.609,0.684,0.656,0.606,0.723,-0.242,0.267,0.568,0.012,0.019
tmax_mean_lag12w,0.735,0.717,0.723,0.094,0.627,0.662,0.698,0.682,0.664,0.473,0.606,0.664,0.683,0.607,0.77,0.005,0.236,0.573,0.029,0.013
tmax_mean_lag13w,0.746,0.741,0.74,0.124,0.698,0.712,0.756,0.748,0.714,0.555,0.689,0.672,0.722,0.66,0.758,0.07,0.199,0.644,0.053,0.024
tmax_mean_lag14w,0.756,0.719,0.673,0.128,0.706,0.749,0.758,0.748,0.707,0.522,0.7,0.625,0.742,0.657,0.753,0.059,0.263,0.645,0.061,0.029
tmax_mean_lag15w,0.783,0.674,0.697,0.103,0.739,0.751,0.772,0.743,0.75,0.484,0.745,0.676,0.76,0.713,0.79,0.047,-0.345,0.696,0.044,0.027
tmax_min,0.758,0.671,0.702,0.146,0.732,0.716,0.772,0.766,0.712,0.543,0.699,0.637,0.738,0.652,0.775,-0.921,-0.038,0.635,-0.024,0.018
tmax_min_lag1w,0.761,0.685,0.703,0.145,0.759,0.715,0.79,0.773,0.704,0.566,0.703,0.666,0.723,0.69,0.737,-0.872,0.048,0.668,-0.037,0.022
tmax_min_lag2w,0.71,0.672,0.676,0.147,0.685,0.717,0.725,0.717,0.716,0.587,0.664,0.649,0.713,0.667,0.751,-0.943,-0.049,0.642,-0.019,0.01
tmax_min_lag3w,0.738,0.658,0.735,0.114,0.71,0.757,0.78,0.764,0.725,0.502,0.694,0.688,0.717,0.69,0.771,-0.929,-0.071,0.667,-0.029,0.095
tmax_min_lag4w,0.704,0.68,0.666,0.134,0.62,0.697,0.692,0.697,0.671,0.614,0.653,0.658,0.693,0.587,0.739,-1.006,-0.084,0.571,-0.008,0.035
tmax_min_lag5w,0.718,0.71,0.661,0.107,0.665,0.721,0.733,0.722,0.719,0.567,0.688,0.656,0.722,0.668,0.751,-1.007,-0.015,0.652,-0.015,0.117
tmax_min_lag6w,0.75,0.688,0.73,0.19,0.68,0.741,0.778,0.755,0.713,0.523,0.715,0.682,0.742,0.656,0.779,-0.418,0.138,0.636,0.005,0.018
tmax_min_lag7w,0.745,0.735,0.681,0.115,0.665,0.706,0.708,0.71,0.72,0.469,0.683,0.642,0.73,0.662,0.754,-0.89,0.18,0.618,0.007,0.027
tmax_min_lag8w,0.713,0.74,0.765,0.076,0.741,0.755,0.765,0.763,0.746,0.561,0.715,0.587,0.749,0.69,0.749,-0.639,0.092,0.673,0.034,0.039
tmax_min_lag9w,0.713,0.713,0.669,0.156,0.638,0.73,0.748,0.743,0.698,0.335,0.681,0.606,0.727,0.642,0.776,-0.76,0.019,0.599,-0.008,0.049
tmax_min_lag10w,0.724,0.673,0.709,0.122,0.676,0.6,0.726,0.699,0.6,0.473,0.587,0.685,0.636,0.583,0.732,-0.31,-0.007,0.539,-0.041,0.027
tmax_min_lag11w,0.713,0.723,0.655,0.178,0.65,0.632,0.712,0.702,0.616,0.431,0.601,0.685,0.652,0.604,0.711,-0.173,0.325,0.569,-0.005,0.02
tmax_min_lag12w,0.735,0.702,0.71,0.108,0.601,0.664,0.69,0.667,0.644,0.463,0.623,0.64,0.691,0.594,0.774,-0.024,0.216,0.569,0.05,0.024
tmax_min_lag13w,0.742,0.732,0.729,0.128,0.711,0.72,0.752,0.731,0.706,0.556,0.695,0.634,0.72,0.64,0.75,0.09,0.206,0.63,0.04,0.031
tmax_min_lag14w,0.74,0.702,0.666,0.118,0.706,0.722,0.753,0.737,0.686,0.528,0.699,0.626,0.743,0.656,0.747,0.052,0.285,0.629,0.069,0.026
tmax_min_lag15w,0.782,0.715,0.674,0.07,0.734,0.746,0.778,0.756,0.739,0.485,0.746,0.67,0.75,0.705,0.779,0.054,-0.266,0.696,0.024,0.026
tmax_stdDev,0.758,0.671,0.702,0.146,0.732,0.716,0.772,0.766,0.712,0.543,0.699,0.637,0.738,0.652,0.775,-0.921,-0.038,0.635,-0.024,0.018
tmax_stdDev_lag1w,0.782,0.671,0.693,0.144,0.742,0.697,0.778,0.772,0.696,0.575,0.693,0.704,0.707,0.683,0.737,-0.792,-0.126,0.651,0.004,0.026
tmax_stdDev_lag2w,0.692,0.701,0.671,0.153,0.672,0.674,0.714,0.71,0.683,0.583,0.672,0.653,0.71,0.637,0.746,-0.935,-0.057,0.626,0.02,0.014
tmax_stdDev_lag3w,0.734,0.669,0.692,0.107,0.705,0.706,0.746,0.73,0.734,0.482,0.677,0.686,0.74,0.657,0.748,-0.953,-0.025,0.649,-0.036,0.015
tmax_stdDev_lag4w,0.738,0.71,0.716,0.113,0.674,0.691,0.715,0.714,0.694,0.602,0.678,0.651,0.687,0.641,0.748,-0.657,-0.078,0.637,-0.02,0.025
tmax_stdDev_lag5w,0.677,0.716,0.718,0.115,0.706,0.697,0.736,0.726,0.685,0.604,0.655,0.654,0.67,0.649,0.711,-0.886,-0.03,0.621,-0.028,0.024
tmax_stdDev_lag6w,0.745,0.694,0.714,0.126,0.732,0.655,0.774,0.756,0.686,0.425,0.69,0.686,0.702,0.632,0.737,-1.286,-0.002,0.627,-0.008,0.017
tmax_stdDev_lag7w,0.748,0.683,0.691,0.076,0.685,0.662,0.722,0.705,0.7,0.383,0.679,0.646,0.692,0.61,0.735,-0.888,-0.033,0.598,-0.047,-0.006
tmax_stdDev_lag8w,0.739,0.675,0.718,0.098,0.721,0.729,0.762,0.758,0.743,0.537,0.729,0.623,0.756,0.662,0.753,-0.978,-0.078,0.66,-0.018,0.094
tmax_stdDev_lag9w,0.724,0.684,0.693,0.141,0.711,0.725,0.747,0.737,0.742,0.387,0.731,0.63,0.782,0.676,0.79,-0.918,-0.034,0.676,-0.085,0.022
tmax_stdDev_lag10w,0.717,0.667,0.628,0.092,0.648,0.582,0.704,0.686,0.608,0.378,0.589,0.682,0.62,0.558,0.708,-0.183,-0.152,0.533,-0.006,0.031
tmax_stdDev_lag11w,0.714,0.677,0.625,0.148,0.602,0.589,0.678,0.659,0.604,0.339,0.563,0.648,0.608,0.555,0.691,-0.25,0.278,0.507,0.002,0.026
tmax_stdDev_lag12w,0.739,0.663,0.662,0.055,0.587,0.636,0.666,0.646,0.625,0.384,0.612,0.648,0.692,0.577,0.778,-0.004,0.186,0.566,0.076,0.028
tmax_stdDev_lag13w,0.736,0.67,0.692,0.125,0.683,0.691,0.738,0.739,0.709,0.468,0.688,0.638,0.71,0.631,0.739,0.083,0.214,0.639,0.074,-0.003
tmax_stdDev_lag14w,0.729,0.672,0.642,0.105,0.676,0.699,0.739,0.723,0.674,0.5,0.684,0.643,0.723,0.635,0.744,0.053,0.304,0.614,0.112,0.023
tmax_stdDev_lag15w,0.778,0.661,0.704,0.063,0.742,0.746,0.792,0.784,0.751,0.441,0.763,0.683,0.765,0.711,0.77,0.056,-0.4,0.709,-0.043,0.031
tmin_max,0.758,0.671,0.702,0.146,0.732,0.716,0.772,0.766,0.712,0.543,0.699,0.637,0.738,0.652,0.775,-0.921,-0.038,0.635,-0.024,0.018
tmin_max_lag1w,0.764,0.676,0.715,0.134,0.758,0.719,0.795,0.771,0.701,0.561,0.69,0.703,0.727,0.694,0.74,-1.101,-0.012,0.665,-0.025,0.026
tmin_max_lag2w,0.692,0.669,0.703,0.159,0.696,0.675,0.695,0.672,0.664,0.569,0.613,0.668,0.662,0.623,0.73,-0.815,-0.007,0.59,-0.021,0.022
tmin_max_lag3w,0.732,0.671,0.748,0.145,0.731,0.735,0.782,0.769,0.71,0.513,0.679,0.691,0.721,0.694,0.758,-0.92,-0.096,0.674,-0.025,0.017
tmin_max_lag4w,0.733,0.588,0.712,0.143,0.678,0.704,0.75,0.74,0.672,0.59,0.685,0.662,0.714,0.642,0.769,-0.938,0.018,0.617,-0.001,-0.121
tmin_max_lag5w,0.72,0.742,0.696,0.114,0.673,0.74,0.743,0.735,0.712,0.589,0.7,0.663,0.723,0.683,0.774,-0.783,0.12,0.668,-0.023,0.043
tmin_max_lag6w,0.749,0.624,0.723,0.184,0.708,0.729,0.759,0.744,0.721,0.546,0.712,0.69,0.741,0.667,0.764,-1.085,-0.119,0.627,0.001,0.224
tmin_max_lag7w,0.744,0.746,0.706,0.129,0.692,0.734,0.743,0.74,0.718,0.461,0.697,0.642,0.749,0.704,0.749,-0.792,0.117,0.645,0.014,0.047
tmin_max_lag8w,0.73,0.786,0.709,0.089,0.726,0.714,0.739,0.736,0.708,0.497,0.696,0.611,0.726,0.673,0.771,-0.88,0.303,0.628,0.002,0.035
tmin_max_lag9w,0.72,0.761,0.648,0.133,0.596,0.707,0.72,0.71,0.689,0.407,0.681,0.649,0.733,0.644,0.798,-1.077,0.066,0.622,-0.004,0.04
tmin_max_lag10w,0.72,0.696,0.647,0.095,0.637,0.608,0.717,0.689,0.611,0.508,0.606,0.683,0.643,0.556,0.736,-0.14,0.105,0.518,-0.047,0.046
tmin_max_lag11w,0.721,0.724,0.68,0.181,0.647,0.633,0.706,0.699,0.63,0.48,0.582,0.693,0.65,0.547,0.709,-0.211,0.228,0.538,-0.001,0.019
tmin_max_lag12w,0.73,0.762,0.706,0.103,0.617,0.675,0.718,0.703,0.66,0.482,0.632,0.647,0.7,0.621,0.773,0.0,0.225,0.588,0.004,0.026
tmin_max_lag13w,0.745,0.734,0.731,0.132,0.713,0.702,0.756,0.751,0.702,0.556,0.69,0.648,0.719,0.648,0.759,0.061,0.188,0.635,0.026,0.044
tmin_max_lag14w,0.76,0.719,0.684,0.125,0.702,0.739,0.76,0.747,0.697,0.556,0.712,0.651,0.743,0.664,0.759,0.056,0.259,0.643,0.032,0.035
tmin_max_lag15w,0.796,0.68,0.696,0.103,0.737,0.753,0.797,0.772,0.744,0.468,0.76,0.683,0.757,0.72,0.789,0.068,-0.249,0.713,0.049,0.025
tmin_mean,0.758,0.671,0.702,0.146,0.732,0.716,0.772,0.766,0.712,0.543,0.699,0.637,0.738,0.652,0.775,-0.921,-0.038,0.635,-0.024,0.018
tmin_mean_lag1w,0.768,0.626,0.718,0.123,0.758,0.737,0.802,0.78,0.71,0.571,0.696,0.682,0.727,0.702,0.738,-1.011,-0.034,0.658,-0.071,0.008
tmin_mean_lag2w,0.712,0.649,0.707,0.151,0.707,0.691,0.725,0.717,0.713,0.599,0.653,0.666,0.7,0.628,0.739,-1.053,-0.04,0.628,-0.005,0.013
tmin_mean_lag3w,0.731,0.657,0.747,0.162,0.728,0.735,0.776,0.77,0.726,0.55,0.684,0.684,0.729,0.701,0.75,-0.923,-0.042,0.674,-0.057,0.104
tmin_mean_lag4w,0.706,0.665,0.709,0.145,0.682,0.703,0.734,0.734,0.691,0.548,0.702,0.667,0.688,0.634,0.756,-0.753,-0.01,0.627,-0.025,-0.132
tmin_mean_lag5w,0.716,0.703,0.643,0.117,0.681,0.689,0.702,0.709,0.689,0.579,0.674,0.645,0.699,0.62,0.758,-0.971,0.141,0.618,-0.014,0.004
tmin_mean_lag6w,0.755,0.707,0.748,0.18,0.724,0.744,0.772,0.754,0.706,0.567,0.708,0.687,0.757,0.676,0.773,-1.116,0.106,0.647,0.019,0.154
tmin_mean_lag7w,0.72,0.73,0.698,0.104,0.674,0.748,0.739,0.722,0.727,0.488,0.686,0.64,0.742,0.696,0.742,-0.973,0.176,0.647,0.017,0.036
tmin_mean_lag8w,0.731,0.726,0.733,0.07,0.736,0.755,0.78,0.771,0.749,0.546,0.717,0.612,0.741,0.686,0.769,-0.868,0.199,0.665,0.03,0.037
tmin_mean_lag9w,0.704,0.759,0.682,0.121,0.634,0.715,0.717,0.704,0.662,0.37,0.687,0.629,0.707,0.63,0.779,-0.679,0.125,0.625,0.018,0.048
tmin_mean_lag10w,0.724,0.658,0.681,0.105,0.64,0.618,0.711,0.694,0.601,0.516,0.585,0.688,0.641,0.551,0.734,-0.2,0.011,0.536,-0.027,0.037
tmin_mean_lag11w,0.734,0.687,0.673,0.174,0.654,0.625,0.705,0.698,0.615,0.445,0.588,0.683,0.641,0.564,0.718,-0.153,0.247,0.531,0.014,0.032
tmin_mean_lag12w,0.73,0.734,0.713,0.113,0.624,0.698,0.725,0.71,0.648,0.469,0.628,0.642,0.688,0.612,0.782,-0.014,0.196,0.576,0.006,0.024
tmin_mean_lag13w,0.752,0.734,0.742,0.128,0.716,0.731,0.76,0.757,0.706,0.579,0.688,0.653,0.726,0.65,0.759,0.082,0.197,0.639,0.055,0.025
tmin_mean_lag14w,0.744,0.713,0.685,0.12,0.703,0.741,0.763,0.758,0.706,0.52,0.709,0.651,0.748,0.668,0.757,0.042,0.264,0.652,0.055,0.026
tmin_mean_lag15w,0.783,0.706,0.698,0.098,0.745,0.749,0.79,0.761,0.738,0.458,0.758,0.69,0.758,0.712,0.79,0.077,-0.253,0.712,0.039,0.025
tmin_min,0.758,0.671,0.702,0.146,0.732,0.716,0.772,0.766,0.712,0.543,0.699,0.637,0.738,0.652,0.775,-0.921,-0.038,0.635,-0.024,0.018
tmin_min_lag1w,0.77,0.643,0.715,0.13,0.775,0.73,0.809,0.778,0.715,0.578,0.719,0.684,0.73,0.705,0.757,-1.175,-0.051,0.673,-0.062,0.02
tmin_min_lag2w,0.703,0.643,0.697,0.16,0.699,0.707,0.732,0.722,0.707,0.581,0.69,0.678,0.708,0.633,0.746,-0.868,0.003,0.635,-0.009,-0.001
tmin_min_lag3w,0.719,0.691,0.725,0.129,0.735,0.75,0.775,0.764,0.742,0.536,0.708,0.682,0.75,0.676,0.781,-0.899,-0.08,0.665,-0.039,0.021
tmin_min_lag4w,0.69,0.734,0.681,0.106,0.647,0.626,0.714,0.7,0.649,0.575,0.6,0.655,0.648,0.584,0.743,-1.053,0.113,0.565,-0.031,-0.006
tmin_min_lag5w,0.706,0.735,0.7,0.107,0.698,0.751,0.748,0.737,0.698,0.516,0.675,0.657,0.728,0.666,0.765,-0.975,0.056,0.641,-0.013,0.001
tmin_min_lag6w,0.756,0.655,0.772,0.18,0.757,0.758,0.784,0.762,0.742,0.551,0.725,0.696,0.755,0.701,0.785,-1.009,-0.164,0.688,0.01,0.386
tmin_min_lag7w,0.728,0.708,0.676,0.096,0.677,0.719,0.713,0.697,0.685,0.47,0.649,0.637,0.725,0.661,0.747,-0.936,0.155,0.601,0.016,0.043
tmin_min_lag8w,0.724,0.713,0.751,0.077,0.746,0.745,0.795,0.773,0.707,0.516,0.704,0.611,0.743,0.684,0.752,-0.904,0.086,0.66,0.006,0.036
tmin_min_lag9w,0.726,0.762,0.665,0.131,0.611,0.728,0.754,0.733,0.715,0.317,0.672,0.622,0.722,0.653,0.793,-0.829,0.026,0.61,0.012,0.027
tmin_min_lag10w,0.72,0.669,0.672,0.11,0.624,0.603,0.719,0.688,0.598,0.506,0.575,0.683,0.637,0.536,0.746,-0.305,-0.028,0.513,-0.062,0.02
tmin_min_lag11w,0.72,0.705,0.673,0.182,0.648,0.603,0.704,0.697,0.616,0.45,0.598,0.692,0.641,0.583,0.718,-0.246,0.303,0.558,0.022,0.032
tmin_min_lag12w,0.732,0.755,0.708,0.098,0.622,0.699,0.715,0.69,0.659,0.481,0.621,0.648,0.705,0.605,0.777,0.0,0.224,0.581,-0.0,0.03
tmin_min_lag13w,0.747,0.712,0.744,0.137,0.715,0.726,0.762,0.759,0.712,0.576,0.692,0.649,0.731,0.659,0.747,0.089,0.216,0.655,0.032,0.021
tmin_min_lag14w,0.763,0.701,0.687,0.113,0.714,0.73,0.764,0.751,0.695,0.543,0.709,0.681,0.751,0.661,0.754,0.034,0.274,0.656,0.041,0.025
tmin_min_lag15w,0.786,0.708,0.711,0.097,0.752,0.758,0.788,0.767,0.74,0.48,0.753,0.699,0.749,0.718,0.802,0.072,-0.291,0.716,0.001,0.018
tmin_stdDev,0.758,0.671,0.702,0.146,0.732,0.716,0.772,0.766,0.712,0.543,0.699,0.637,0.738,0.652,0.775,-0.921,-0.038,0.635,-0.024,0.018
tmin_stdDev_lag1w,0.757,0.676,0.703,0.133,0.75,0.694,0.785,0.771,0.69,0.585,0.697,0.701,0.712,0.674,0.732,-0.895,-0.04,0.649,-0.04,0.007
tmin_stdDev_lag2w,0.681,0.663,0.665,0.137,0.663,0.664,0.718,0.7,0.668,0.555,0.646,0.661,0.691,0.619,0.73,-0.465,-0.051,0.599,-0.021,-0.016
tmin_stdDev_lag3w,0.717,0.668,0.685,0.119,0.702,0.697,0.733,0.71,0.714,0.49,0.672,0.691,0.719,0.642,0.736,-0.684,0.052,0.637,0.016,0.015
tmin_stdDev_lag4w,0.736,0.697,0.709,0.112,0.688,0.696,0.745,0.73,0.712,0.611,0.685,0.658,0.701,0.647,0.743,-0.999,-0.036,0.643,-0.012,0.023
tmin_stdDev_lag5w,0.673,0.683,0.676,0.12,0.684,0.671,0.716,0.697,0.662,0.539,0.649,0.654,0.663,0.611,0.704,-0.936,-0.063,0.596,-0.003,-0.078
tmin_stdDev_lag6w,0.73,0.682,0.706,0.109,0.731,0.657,0.775,0.756,0.664,0.406,0.672,0.677,0.685,0.625,0.731,-1.029,0.008,0.618,0.037,0.083
tmin_stdDev_lag7w,0.744,0.666,0.681,0.08,0.667,0.658,0.72,0.707,0.685,0.367,0.679,0.651,0.688,0.624,0.731,-1.046,-0.004,0.622,-0.001,0.042
tmin_stdDev_lag8w,0.735,0.672,0.706,0.072,0.732,0.726,0.754,0.751,0.742,0.522,0.719,0.622,0.759,0.648,0.754,-0.964,-0.094,0.652,0.026,0.03
tmin_stdDev_lag9w,0.725,0.661,0.7,0.135,0.698,0.727,0.741,0.736,0.752,0.355,0.735,0.64,0.78,0.676,0.796,-0.854,-0.036,0.681,0.053,0.006
tmin_stdDev_lag10w,0.713,0.678,0.634,0.108,0.651,0.594,0.701,0.679,0.604,0.365,0.586,0.693,0.609,0.565,0.699,-0.248,-0.025,0.538,0.037,0.013
tmin_stdDev_lag11w,0.707,0.671,0.611,0.169,0.609,0.595,0.672,0.665,0.606,0.316,0.573,0.683,0.635,0.56,0.697,-0.259,0.276,0.528,0.038,0.01
tmin_stdDev_lag12w,0.734,0.675,0.665,0.098,0.591,0.642,0.665,0.644,0.63,0.407,0.622,0.648,0.692,0.585,0.772,-0.016,0.169,0.571,0.146,0.006
tmin_stdDev_lag13w,0.736,0.662,0.693,0.138,0.701,0.694,0.736,0.735,0.707,0.487,0.677,0.625,0.712,0.636,0.742,0.058,0.243,0.638,0.042,0.018
tmin_stdDev_lag14w,0.738,0.685,0.624,0.098,0.679,0.7,0.741,0.717,0.673,0.5,0.687,0.654,0.737,0.629,0.743,0.057,0.301,0.608,0.144,0.02
tmin_stdDev_lag15w,0.784,0.67,0.708,0.062,0.742,0.736,0.793,0.78,0.75,0.423,0.758,0.685,0.737,0.712,0.776,0.068,-0.388,0.72,-0.06,0.02
vp_mean,0.758,0.671,0.702,0.146,0.732,0.716,0.772,0.766,0.712,0.543,0.699,0.637,0.738,0.652,0.775,-0.921,-0.038,0.635,-0.024,0.018
vp_mean_lag1w,0.736,0.598,0.71,0.127,0.752,0.718,0.8,0.774,0.706,0.578,0.727,0.674,0.745,0.704,0.74,-1.009,-0.025,0.69,-0.039,0.009
vp_mean_lag2w,0.699,0.602,0.658,0.157,0.681,0.69,0.728,0.711,0.729,0.633,0.7,0.64,0.72,0.651,0.747,-0.574,0.015,0.651,-0.056,0.051
vp_mean_lag3w,0.737,0.707,0.687,0.135,0.67,0.742,0.747,0.735,0.775,0.562,0.718,0.647,0.763,0.69,0.762,-1.049,0.116,0.686,-0.148,0.053
vp_mean_lag4w,0.721,0.592,0.693,0.134,0.68,0.725,0.737,0.734,0.739,0.56,0.689,0.628,0.71,0.669,0.742,-0.955,0.096,0.652,-0.097,-0.071
vp_mean_lag5w,0.689,0.656,0.736,0.127,0.701,0.744,0.747,0.757,0.712,0.582,0.684,0.617,0.688,0.665,0.742,-0.527,0.212,0.641,-0.002,0.03
vp_mean_lag6w,0.723,0.663,0.711,0.152,0.712,0.687,0.761,0.745,0.718,0.522,0.708,0.696,0.719,0.677,0.735,-0.657,0.153,0.65,0.032,0.446
vp_mean_lag7w,0.714,0.703,0.703,0.134,0.691,0.715,0.744,0.712,0.707,0.406,0.668,0.679,0.72,0.663,0.699,-0.403,0.149,0.629,0.026,0.123
vp_mean_lag8w,0.725,0.706,0.701,0.146,0.714,0.75,0.775,0.778,0.747,0.534,0.722,0.624,0.739,0.706,0.755,-0.941,0.179,0.664,0.049,0.094
vp_mean_lag9w,0.723,0.711,0.721,0.144,0.646,0.741,0.768,0.757,0.718,0.231,0.649,0.634,0.737,0.681,0.785,-0.738,-0.094,0.652,0.055,0.055
vp_mean_lag10w,0.707,0.73,0.693,0.098,0.665,0.608,0.725,0.69,0.589,0.457,0.582,0.72,0.612,0.563,0.718,-0.384,0.041,0.54,0.148,0.092
vp_mean_lag11w,0.715,0.691,0.673,0.159,0.651,0.641,0.714,0.693,0.601,0.411,0.602,0.72,0.647,0.611,0.705,-0.266,0.23,0.555,0.063,0.035
vp_mean_lag12w,0.734,0.686,0.672,0.116,0.596,0.647,0.692,0.658,0.624,0.378,0.598,0.663,0.662,0.576,0.759,-0.081,0.134,0.562,0.098,0.005
vp_mean_lag13w,0.712,0.695,0.723,0.134,0.704,0.711,0.76,0.753,0.704,0.479,0.666,0.639,0.7,0.643,0.741,-0.027,0.168,0.625,0.151,0.013
vp_mean_lag14w,0.733,0.66,0.664,0.116,0.698,0.72,0.747,0.724,0.67,0.498,0.688,0.649,0.726,0.647,0.731,0.024,0.217,0.619,0.112,0.015
vp_mean_lag15w,0.765,0.665,0.719,0.114,0.75,0.736,0.786,0.764,0.726,0.427,0.722,0.657,0.73,0.707,0.766,-0.028,-0.438,0.697,0.216,0.004
vp_stdDev,0.758,0.671,0.702,0.146,0.732,0.716,0.772,0.766,0.712,0.543,0.699,0.637,0.738,0.652,0.775,-0.921,-0.038,0.635,-0.024,0.018
vp_stdDev_lag1w,0.766,0.673,0.698,0.151,0.739,0.691,0.778,0.762,0.679,0.567,0.67,0.696,0.703,0.677,0.734,-0.889,-0.044,0.64,-0.079,0.011
vp_stdDev_lag2w,0.685,0.673,0.677,0.129,0.672,0.683,0.723,0.704,0.67,0.555,0.646,0.658,0.694,0.636,0.742,-0.679,-0.048,0.617,-0.056,0.015
vp_stdDev_lag3w,0.718,0.662,0.68,0.132,0.7,0.696,0.734,0.71,0.719,0.457,0.668,0.694,0.724,0.645,0.74,-0.79,-0.007,0.639,-0.031,0.009
vp_stdDev_lag4w,0.738,0.673,0.722,0.128,0.693,0.703,0.75,0.743,0.717,0.549,0.687,0.662,0.703,0.658,0.75,-0.896,-0.045,0.649,-0.076,-0.026
vp_stdDev_lag5w,0.685,0.667,0.685,0.122,0.668,0.669,0.712,0.702,0.67,0.573,0.636,0.65,0.668,0.609,0.714,-0.906,-0.014,0.602,-0.166,0.017
vp_stdDev_lag6w,0.733,0.658,0.686,0.095,0.703,0.657,0.765,0.748,0.673,0.388,0.666,0.669,0.684,0.622,0.729,-0.88,-0.063,0.609,-0.099,0.021
vp_stdDev_lag7w,0.745,0.672,0.69,0.088,0.664,0.661,0.725,0.712,0.683,0.373,0.678,0.628,0.675,0.613,0.742,-0.814,-0.069,0.604,-0.03,0.014
vp_stdDev_lag8w,0.74,0.676,0.694,0.085,0.721,0.726,0.749,0.741,0.736,0.511,0.709,0.624,0.743,0.642,0.754,-0.792,0.007,0.639,-0.036,0.028
vp_stdDev_lag9w,0.722,0.667,0.691,0.151,0.692,0.72,0.748,0.737,0.748,0.344,0.727,0.625,0.774,0.678,0.789,-0.852,-0.049,0.672,-0.025,0.026
vp_stdDev_lag10w,0.702,0.642,0.629,0.098,0.649,0.576,0.698,0.683,0.596,0.363,0.577,0.684,0.62,0.555,0.704,-0.219,0.096,0.529,-0.047,0.048
vp_stdDev_lag11w,0.715,0.67,0.622,0.175,0.595,0.59,0.667,0.655,0.602,0.315,0.579,0.688,0.632,0.547,0.702,-0.221,0.301,0.525,-0.077,0.021
vp_stdDev_lag12w,0.735,0.639,0.66,0.101,0.579,0.64,0.667,0.641,0.623,0.375,0.618,0.65,0.681,0.582,0.762,-0.014,0.208,0.546,-0.003,0.02
vp_stdDev_lag13w,0.74,0.662,0.687,0.135,0.693,0.696,0.744,0.743,0.704,0.468,0.685,0.615,0.717,0.646,0.738,0.068,0.247,0.635,-0.057,0.018
vp_stdDev_lag14w,0.723,0.666,0.632,0.096,0.687,0.694,0.736,0.712,0.663,0.509,0.677,0.653,0.731,0.634,0.745,0.051,0.29,0.61,-0.062,0.004
vp_stdDev_lag15w,0.798,0.672,0.701,0.07,0.744,0.733,0.795,0.782,0.742,0.415,0.748,0.676,0.738,0.712,0.781,0.056,-0.377,0.717,-0.036,0.014
p_max,0.758,0.671,0.702,0.146,0.732,0.716,0.772,0.766,0.712,0.543,0.699,0.637,0.738,0.652,0.775,-0.921,-0.038,0.635,-0.024,0.018
p_max_lag1w,0.752,0.673,0.704,0.069,0.695,0.704,0.772,0.747,0.705,0.511,0.738,0.657,0.756,0.7,0.755,-0.147,0.173,0.686,-0.012,0.014
p_max_lag2w,0.743,0.714,0.636,0.126,0.722,0.73,0.786,0.769,0.708,0.561,0.737,0.596,0.73,0.713,0.763,-0.233,0.177,0.715,0.014,-0.252
p_max_lag3w,0.741,0.606,0.626,0.093,0.71,0.718,0.776,0.759,0.714,0.529,0.733,0.599,0.72,0.695,0.759,0.066,0.207,0.689,0.084,0.005
p_max_lag4w,0.753,0.604,0.617,0.004,0.671,0.689,0.754,0.746,0.672,0.536,0.679,0.629,0.688,0.665,0.745,0.119,0.198,0.672,0.018,0.025
p_max_lag5w,0.748,0.589,0.628,0.058,0.654,0.668,0.74,0.718,0.657,0.528,0.646,0.644,0.656,0.635,0.774,-0.248,0.298,0.629,0.038,0.083
p_max_lag6w,0.705,0.588,0.601,0.132,0.628,0.628,0.683,0.675,0.622,0.57,0.66,0.57,0.649,0.615,0.722,-0.193,0.286,0.617,-0.012,0.116
p_max_lag7w,0.696,0.577,0.582,0.05,0.646,0.661,0.715,0.697,0.671,0.537,0.688,0.667,0.675,0.65,0.716,0.084,0.145,0.637,-0.176,0.112
p_max_lag8w,0.689,0.589,0.609,0.065,0.649,0.648,0.697,0.688,0.652,0.547,0.682,0.604,0.672,0.637,0.711,-0.128,0.234,0.626,-0.196,0.071
p_max_lag9w,0.718,0.604,0.625,0.118,0.698,0.697,0.754,0.732,0.7,0.654,0.725,0.665,0.732,0.693,0.746,0.084,0.114,0.682,-0.299,0.089
p_max_lag10w,0.682,0.6,0.598,0.053,0.635,0.685,0.695,0.683,0.676,0.555,0.654,0.669,0.681,0.661,0.705,-0.122,0.044,0.646,-0.053,-0.225
p_max_lag11w,0.683,0.619,0.623,0.037,0.633,0.686,0.704,0.68,0.672,0.533,0.65,0.682,0.68,0.654,0.703,-0.533,0.216,0.628,-0.138,-0.216
p_max_lag12w,0.695,0.593,0.618,0.053,0.633,0.71,0.707,0.689,0.684,0.553,0.657,0.691,0.694,0.664,0.709,-0.604,0.144,0.639,-0.142,-0.253
p_max_lag13w,0.707,0.552,0.659,0.084,0.692,0.707,0.757,0.735,0.71,0.522,0.729,0.677,0.724,0.66,0.735,0.006,0.346,0.666,-0.15,-0.023
p_max_lag14w,0.683,0.516,0.639,0.09,0.683,0.633,0.72,0.694,0.663,0.573,0.689,0.601,0.677,0.615,0.72,0.085,0.121,0.627,-0.004,0.123
p_max_lag15w,0.695,0.567,0.64,0.097,0.67,0.674,0.7,0.69,0.681,0.557,0.706,0.589,0.685,0.634,0.72,0.034,0.204,0.646,-0.107,0.072
p_mean,0.758,0.671,0.702,0.146,0.732,0.716,0.772,0.766,0.712,0.543,0.699,0.637,0.738,0.652,0.775,-0.921,-0.038,0.635,-0.024,0.018
p_mean_lag1w,0.757,0.688,0.707,0.049,0.693,0.698,0.765,0.742,0.703,0.473,0.74,0.648,0.749,0.697,0.756,-0.308,0.19,0.682,-0.023,0.036
p_mean_lag2w,0.745,0.703,0.651,0.108,0.733,0.73,0.786,0.768,0.703,0.497,0.746,0.599,0.733,0.714,0.767,-0.232,0.205,0.708,-0.068,-0.267
p_mean_lag3w,0.744,0.603,0.637,0.089,0.699,0.717,0.771,0.764,0.686,0.523,0.715,0.597,0.702,0.692,0.758,0.064,0.216,0.686,0.06,-0.008
p_mean_lag4w,0.739,0.585,0.616,0.01,0.653,0.679,0.749,0.75,0.672,0.519,0.677,0.631,0.683,0.667,0.748,0.135,0.172,0.671,0.0,-0.002
p_mean_lag5w,0.75,0.617,0.639,0.082,0.65,0.674,0.741,0.715,0.664,0.516,0.647,0.642,0.659,0.64,0.768,-0.157,0.195,0.64,0.003,0.123
p_mean_lag6w,0.699,0.595,0.63,0.095,0.652,0.632,0.69,0.675,0.633,0.556,0.658,0.572,0.651,0.617,0.73,-0.242,0.332,0.623,-0.064,0.143
p_mean_lag7w,0.696,0.624,0.596,0.064,0.64,0.665,0.709,0.697,0.66,0.574,0.685,0.66,0.677,0.649,0.714,0.089,0.104,0.635,-0.12,0.07
p_mean_lag8w,0.692,0.589,0.644,0.074,0.663,0.661,0.703,0.687,0.649,0.581,0.679,0.601,0.669,0.638,0.716,-0.179,0.204,0.625,-0.222,0.048
p_mean_lag9w,0.712,0.589,0.615,0.142,0.691,0.688,0.749,0.734,0.7,0.623,0.722,0.654,0.722,0.689,0.738,0.059,0.147,0.672,-0.247,0.054
p_mean_lag10w,0.679,0.609,0.614,0.067,0.641,0.691,0.691,0.679,0.672,0.567,0.646,0.691,0.674,0.66,0.715,-0.057,0.16,0.648,-0.162,-0.202
p_mean_lag11w,0.693,0.614,0.646,0.083,0.647,0.681,0.701,0.685,0.671,0.571,0.668,0.68,0.68,0.657,0.715,-0.341,0.299,0.643,-0.156,-0.252
p_mean_lag12w,0.69,0.624,0.648,0.08,0.651,0.701,0.701,0.689,0.686,0.594,0.656,0.693,0.691,0.669,0.712,-0.337,0.311,0.639,-0.101,-0.138
p_mean_lag13w,0.71,0.509,0.655,0.089,0.683,0.698,0.751,0.737,0.701,0.542,0.726,0.661,0.715,0.666,0.749,0.002,0.305,0.659,-0.098,-0.003
p_mean_lag14w,0.691,0.508,0.632,0.079,0.684,0.63,0.721,0.709,0.667,0.563,0.694,0.605,0.678,0.617,0.714,0.052,0.138,0.638,-0.175,0.1
p_mean_lag15w,0.692,0.534,0.647,0.091,0.686,0.658,0.713,0.695,0.689,0.57,0.703,0.592,0.68,0.635,0.716,0.099,0.257,0.647,-0.142,0.122
p_min,0.758,0.671,0.702,0.146,0.732,0.716,0.772,0.766,0.712,0.543,0.699,0.637,0.738,0.652,0.775,-0.921,-0.038,0.635,-0.024,0.018
p_min_lag1w,0.753,0.684,0.701,0.054,0.685,0.699,0.767,0.745,0.701,0.453,0.731,0.654,0.743,0.691,0.759,-0.275,0.182,0.678,-0.012,0.036
p_min_lag2w,0.749,0.691,0.659,0.111,0.731,0.724,0.784,0.771,0.714,0.488,0.743,0.598,0.726,0.708,0.766,-0.328,0.196,0.702,-0.012,-0.286
p_min_lag3w,0.737,0.594,0.641,0.087,0.703,0.714,0.77,0.76,0.688,0.507,0.724,0.601,0.701,0.676,0.758,0.07,0.221,0.683,0.026,-0.004
p_min_lag4w,0.732,0.613,0.624,0.006,0.659,0.68,0.742,0.736,0.671,0.487,0.68,0.626,0.686,0.656,0.744,0.1,0.16,0.679,-0.044,0.004
p_min_lag5w,0.745,0.612,0.636,0.059,0.648,0.671,0.741,0.712,0.665,0.503,0.646,0.643,0.665,0.646,0.774,-0.225,0.176,0.63,-0.005,0.038
p_min_lag6w,0.698,0.588,0.627,0.098,0.653,0.625,0.68,0.666,0.631,0.58,0.657,0.567,0.646,0.618,0.725,-0.223,0.339,0.617,-0.024,0.078
p_min_lag7w,0.701,0.627,0.604,0.066,0.636,0.67,0.715,0.697,0.66,0.545,0.686,0.664,0.682,0.65,0.712,0.077,0.106,0.628,-0.03,0.07
p_min_lag8w,0.689,0.577,0.637,0.084,0.663,0.655,0.703,0.688,0.649,0.581,0.679,0.605,0.669,0.637,0.719,-0.149,0.226,0.621,-0.035,0.024
p_min_lag9w,0.713,0.578,0.629,0.144,0.688,0.702,0.748,0.735,0.7,0.624,0.722,0.663,0.733,0.685,0.742,0.066,0.159,0.682,-0.044,0.083
p_min_lag10w,0.68,0.592,0.608,0.071,0.641,0.684,0.693,0.684,0.676,0.583,0.643,0.686,0.684,0.658,0.71,-0.2,0.162,0.645,-0.129,-0.21
p_min_lag11w,0.69,0.629,0.64,0.071,0.638,0.689,0.701,0.687,0.674,0.576,0.658,0.688,0.685,0.655,0.714,-0.324,0.241,0.639,-0.175,-0.246
p_min_lag12w,0.689,0.604,0.629,0.065,0.64,0.699,0.702,0.682,0.686,0.589,0.657,0.691,0.697,0.664,0.706,-0.322,0.29,0.644,-0.095,-0.163
p_min_lag13w,0.721,0.503,0.666,0.082,0.687,0.699,0.762,0.74,0.713,0.534,0.728,0.67,0.716,0.663,0.744,0.021,0.317,0.666,-0.106,0.01
p_min_lag14w,0.691,0.501,0.639,0.074,0.682,0.638,0.721,0.705,0.676,0.577,0.695,0.597,0.675,0.617,0.713,0.019,0.14,0.635,-0.052,0.145
p_min_lag15w,0.692,0.537,0.644,0.099,0.678,0.667,0.722,0.702,0.687,0.571,0.713,0.593,0.687,0.643,0.716,0.135,0.199,0.647,-0.126,0.091
p_stdDev,0.758,0.671,0.702,0.146,0.732,0.716,0.772,0.766,0.712,0.543,0.699,0.637,0.738,0.652,0.775,-0.921,-0.038,0.635,-0.024,0.018
p_stdDev_lag1w,0.757,0.678,0.705,0.056,0.688,0.703,0.766,0.742,0.697,0.475,0.737,0.653,0.748,0.7,0.758,-0.275,0.191,0.686,-0.015,0.02
p_stdDev_lag2w,0.746,0.705,0.658,0.118,0.728,0.728,0.789,0.772,0.712,0.516,0.74,0.598,0.728,0.715,0.767,-0.26,0.192,0.7,-0.037,-0.237
p_stdDev_lag3w,0.747,0.593,0.629,0.079,0.691,0.713,0.764,0.761,0.688,0.506,0.718,0.592,0.705,0.685,0.765,0.06,0.221,0.682,0.066,0.006
p_stdDev_lag4w,0.753,0.587,0.622,0.023,0.655,0.686,0.75,0.753,0.674,0.502,0.682,0.624,0.69,0.67,0.743,0.1,0.188,0.673,-0.029,0.01
p_stdDev_lag5w,0.746,0.612,0.634,0.073,0.654,0.672,0.742,0.722,0.662,0.524,0.654,0.65,0.658,0.64,0.774,-0.276,0.242,0.628,0.054,0.094
p_stdDev_lag6w,0.703,0.592,0.63,0.119,0.65,0.632,0.682,0.67,0.631,0.561,0.659,0.57,0.651,0.623,0.727,-0.208,0.33,0.617,-0.054,0.124
p_stdDev_lag7w,0.695,0.626,0.599,0.056,0.644,0.665,0.712,0.693,0.658,0.527,0.684,0.673,0.681,0.647,0.714,0.079,0.095,0.625,-0.208,0.094
p_stdDev_lag8w,0.693,0.588,0.637,0.075,0.656,0.662,0.7,0.688,0.653,0.591,0.677,0.607,0.672,0.652,0.709,-0.149,0.212,0.629,-0.251,0.034
p_stdDev_lag9w,0.717,0.573,0.622,0.131,0.699,0.696,0.752,0.74,0.705,0.63,0.725,0.658,0.729,0.691,0.74,0.057,0.204,0.684,-0.363,0.028
p_stdDev_lag10w,0.68,0.595,0.608,0.074,0.642,0.68,0.695,0.687,0.665,0.555,0.649,0.681,0.678,0.659,0.707,-0.231,0.144,0.648,-0.157,-0.257
p_stdDev_lag11w,0.687,0.629,0.644,0.068,0.642,0.677,0.702,0.685,0.673,0.576,0.657,0.677,0.678,0.666,0.708,-0.415,0.289,0.637,-0.184,-0.223
p_stdDev_lag12w,0.693,0.628,0.641,0.076,0.644,0.699,0.706,0.688,0.687,0.582,0.656,0.701,0.701,0.666,0.715,-0.262,0.231,0.637,-0.106,-0.187
p_stdDev_lag13w,0.713,0.508,0.653,0.088,0.691,0.694,0.755,0.732,0.704,0.539,0.723,0.673,0.721,0.661,0.75,-0.002,0.303,0.666,-0.117,0.008
p_stdDev_lag14w,0.686,0.513,0.635,0.085,0.68,0.629,0.718,0.704,0.665,0.573,0.688,0.607,0.677,0.616,0.717,0.059,0.132,0.625,-0.126,0.099
p_stdDev_lag15w,0.698,0.536,0.65,0.092,0.667,0.657,0.712,0.688,0.689,0.553,0.707,0.596,0.686,0.64,0.72,0.073,0.249,0.65,-0.11,0.111
p_sum,0.758,0.671,0.702,0.146,0.732,0.716,0.772,0.766,0.712,0.543,0.699,0.637,0.738,0.652,0.775,-0.921,-0.038,0.635,-0.024,0.018
p_sum_lag1w,0.756,0.681,0.722,0.07,0.709,0.691,0.768,0.748,0.704,0.505,0.74,0.652,0.746,0.698,0.757,-0.168,0.193,0.685,-0.019,0.085
p_sum_lag2w,0.744,0.702,0.659,0.127,0.728,0.723,0.782,0.766,0.705,0.529,0.751,0.6,0.732,0.698,0.771,-0.171,0.206,0.699,-0.012,-0.226
p_sum_lag3w,0.744,0.596,0.649,0.081,0.713,0.714,0.768,0.761,0.68,0.516,0.711,0.601,0.701,0.685,0.759,0.059,0.216,0.681,0.049,0.005
p_sum_lag4w,0.738,0.59,0.638,0.005,0.688,0.678,0.749,0.747,0.67,0.505,0.679,0.624,0.679,0.666,0.742,0.106,0.171,0.668,-0.026,0.003
p_sum_lag5w,0.749,0.6,0.668,0.061,0.683,0.679,0.74,0.715,0.655,0.512,0.65,0.641,0.662,0.637,0.772,-0.308,0.2,0.625,0.061,0.074
p_sum_lag6w,0.699,0.567,0.663,0.095,0.665,0.626,0.685,0.667,0.627,0.543,0.65,0.569,0.649,0.619,0.73,-0.242,0.341,0.624,-0.033,0.152
p_sum_lag7w,0.694,0.582,0.623,0.051,0.671,0.668,0.711,0.702,0.661,0.52,0.68,0.669,0.681,0.651,0.717,0.073,0.101,0.639,-0.35,0.035
p_sum_lag8w,0.692,0.557,0.671,0.096,0.664,0.655,0.703,0.685,0.649,0.574,0.68,0.6,0.669,0.638,0.714,-0.271,0.238,0.634,-0.277,0.014
p_sum_lag9w,0.716,0.587,0.655,0.126,0.704,0.697,0.752,0.734,0.699,0.625,0.723,0.655,0.721,0.674,0.744,0.032,0.166,0.673,-0.364,0.069
p_sum_lag10w,0.685,0.567,0.654,0.083,0.636,0.689,0.69,0.684,0.671,0.568,0.641,0.677,0.672,0.651,0.708,-0.059,0.126,0.639,-0.127,-0.179
p_sum_lag11w,0.689,0.625,0.671,0.068,0.63,0.673,0.7,0.677,0.659,0.571,0.655,0.676,0.685,0.653,0.704,-0.215,0.233,0.623,-0.166,-0.201
p_sum_lag12w,0.694,0.609,0.679,0.065,0.64,0.699,0.696,0.685,0.678,0.581,0.646,0.698,0.682,0.662,0.71,-0.205,0.272,0.63,-0.101,-0.199
p_sum_lag13w,0.703,0.52,0.669,0.099,0.723,0.701,0.76,0.74,0.707,0.552,0.73,0.665,0.718,0.656,0.743,-0.025,0.315,0.665,-0.125,0.01
p_sum_lag14w,0.691,0.503,0.669,0.107,0.672,0.637,0.713,0.707,0.659,0.564,0.693,0.604,0.677,0.621,0.715,0.041,0.128,0.632,-0.104,0.15
p_sum_lag15w,0.7,0.546,0.67,0.098,0.674,0.663,0.706,0.686,0.682,0.554,0.706,0.6,0.684,0.642,0.721,0.076,0.193,0.652,-0.106,0.079
prism_tmax_max,0.758,0.671,0.702,0.146,0.732,0.716,0.772,0.766,0.712,0.543,0.699,0.637,0.738,0.652,0.775,-0.921,-0.038,0.635,-0.024,0.018
prism_tmax_max_lag1w,0.763,0.689,0.699,0.153,0.736,0.723,0.776,0.778,0.711,0.544,0.702,0.647,0.742,0.67,0.789,-0.835,-0.04,0.654,-0.012,0.019
prism_tmax_max_lag2w,0.759,0.658,0.698,0.151,0.73,0.739,0.772,0.781,0.714,0.533,0.708,0.656,0.743,0.675,0.793,-0.908,-0.058,0.662,-0.004,0.008
prism_tmax_max_lag3w,0.74,0.697,0.741,0.164,0.742,0.741,0.793,0.777,0.725,0.55,0.7,0.649,0.729,0.703,0.794,-0.98,-0.111,0.691,-0.019,0.029
prism_tmax_max_lag4w,0.737,0.627,0.744,0.163,0.735,0.707,0.762,0.75,0.685,0.614,0.673,0.641,0.705,0.676,0.783,-0.759,-0.013,0.652,-0.01,0.11
prism_tmax_max_lag5w,0.752,0.682,0.727,0.165,0.73,0.744,0.791,0.765,0.69,0.61,0.697,0.648,0.753,0.674,0.792,-0.825,0.14,0.685,0.01,0.048
prism_tmax_max_lag6w,0.754,0.673,0.781,0.166,0.757,0.769,0.817,0.795,0.746,0.608,0.74,0.641,0.752,0.731,0.792,-0.911,-0.325,0.702,0.041,0.057
prism_tmax_max_lag7w,0.745,0.686,0.77,0.18,0.775,0.769,0.805,0.777,0.73,0.597,0.751,0.641,0.763,0.739,0.776,-0.593,0.089,0.714,0.061,0.031
prism_tmax_max_lag8w,0.746,0.724,0.68,0.203,0.691,0.706,0.725,0.723,0.619,0.569,0.673,0.656,0.726,0.634,0.777,-0.765,0.207,0.59,0.044,0.054
prism_tmax_max_lag9w,0.756,0.766,0.66,0.196,0.635,0.694,0.724,0.7,0.631,0.552,0.648,0.639,0.722,0.64,0.778,-1.365,0.22,0.584,0.018,0.036
prism_tmax_max_lag10w,0.765,0.671,0.754,0.194,0.729,0.762,0.812,0.801,0.754,0.65,0.763,0.656,0.751,0.736,0.791,-0.642,0.137,0.715,-0.016,0.011
prism_tmax_max_lag11w,0.772,0.715,0.691,0.172,0.669,0.736,0.782,0.76,0.71,0.578,0.71,0.649,0.743,0.685,0.791,-0.985,0.148,0.689,0.009,0.038
prism_tmax_max_lag12w,0.755,0.745,0.754,0.167,0.739,0.751,0.793,0.785,0.737,0.631,0.728,0.652,0.736,0.703,0.794,-1.014,-0.086,0.678,0.032,0.049
prism_tmax_max_lag13w,0.776,0.741,0.765,0.148,0.752,0.746,0.797,0.792,0.725,0.627,0.718,0.67,0.755,0.682,0.794,-0.737,0.055,0.687,-0.002,0.022
prism_tmax_max_lag14w,0.771,0.752,0.733,0.148,0.731,0.735,0.789,0.778,0.71,0.502,0.704,0.663,0.736,0.693,0.782,-0.597,0.0,0.679,0.042,0.032
prism_tmax_max_lag15w,0.763,0.667,0.741,0.148,0.753,0.747,0.787,0.779,0.727,0.575,0.715,0.647,0.757,0.684,0.798,-0.707,0.007,0.673,0.013,0.025
prism_tmax_mean,0.758,0.671,0.702,0.146,0.732,0.716,0.772,0.766,0.712,0.543,0.699,0.637,0.738,0.652,0.775,-0.921,-0.038,0.635,-0.024,0.018
prism_tmax_mean_lag1w,0.774,0.684,0.711,0.148,0.735,0.728,0.776,0.768,0.714,0.555,0.709,0.664,0.735,0.673,0.787,-0.825,-0.046,0.667,-0.064,0.008
prism_tmax_mean_lag2w,0.755,0.679,0.715,0.155,0.745,0.746,0.793,0.777,0.729,0.529,0.714,0.653,0.744,0.688,0.787,-0.934,-0.045,0.671,-0.019,-0.032
prism_tmax_mean_lag3w,0.752,0.672,0.748,0.164,0.726,0.77,0.807,0.791,0.737,0.555,0.711,0.651,0.743,0.726,0.806,-0.974,-0.058,0.696,-0.037,0.112
prism_tmax_mean_lag4w,0.742,0.671,0.69,0.175,0.694,0.715,0.726,0.726,0.701,0.601,0.692,0.643,0.73,0.666,0.777,-0.9,0.05,0.666,-0.004,-0.064
prism_tmax_mean_lag5w,0.722,0.685,0.695,0.142,0.711,0.759,0.773,0.768,0.756,0.652,0.726,0.64,0.757,0.716,0.784,-0.927,-0.016,0.698,-0.005,0.007
prism_tmax_mean_lag6w,0.746,0.693,0.788,0.159,0.764,0.761,0.807,0.787,0.753,0.608,0.756,0.639,0.762,0.742,0.791,-0.791,-0.161,0.715,0.017,0.037
prism_tmax_mean_lag7w,0.749,0.726,0.712,0.15,0.701,0.744,0.792,0.762,0.709,0.606,0.714,0.646,0.765,0.716,0.784,-0.801,0.117,0.666,0.052,0.034
prism_tmax_mean_lag8w,0.755,0.763,0.685,0.165,0.727,0.736,0.788,0.776,0.672,0.583,0.703,0.638,0.754,0.71,0.781,-0.582,0.138,0.678,0.042,0.065
prism_tmax_mean_lag9w,0.757,0.74,0.679,0.185,0.658,0.711,0.747,0.734,0.651,0.551,0.675,0.636,0.72,0.636,0.784,-1.07,0.234,0.639,-0.004,0.043
prism_tmax_mean_lag10w,0.762,0.652,0.754,0.213,0.745,0.785,0.805,0.797,0.768,0.626,0.758,0.638,0.763,0.736,0.791,-0.84,0.065,0.705,-0.001,0.001
prism_tmax_mean_lag11w,0.763,0.677,0.74,0.174,0.74,0.769,0.804,0.782,0.734,0.621,0.722,0.645,0.762,0.717,0.785,-0.857,0.172,0.687,0.014,0.009
prism_tmax_mean_lag12w,0.757,0.732,0.78,0.156,0.761,0.763,0.799,0.791,0.744,0.643,0.715,0.645,0.756,0.718,0.79,-0.649,0.08,0.685,0.025,0.025
prism_tmax_mean_lag13w,0.754,0.73,0.754,0.155,0.749,0.765,0.794,0.791,0.728,0.524,0.716,0.658,0.751,0.695,0.777,-0.867,0.088,0.67,0.015,0.011
prism_tmax_mean_lag14w,0.763,0.731,0.739,0.163,0.756,0.734,0.786,0.788,0.728,0.551,0.701,0.658,0.747,0.699,0.787,-0.85,0.007,0.676,0.045,0.003
prism_tmax_mean_lag15w,0.768,0.666,0.731,0.153,0.745,0.76,0.779,0.769,0.73,0.543,0.712,0.639,0.747,0.696,0.784,-0.677,-0.013,0.671,0.041,0.012
prism_tmax_min,0.758,0.671,0.702,0.146,0.732,0.716,0.772,0.766,0.712,0.543,0.699,0.637,0.738,0.652,0.775,-0.921,-0.038,0.635,-0.024,0.018
prism_tmax_min_lag1w,0.773,0.693,0.703,0.147,0.735,0.719,0.771,0.77,0.699,0.543,0.704,0.652,0.729,0.677,0.783,-0.986,-0.003,0.647,-0.037,0.02
prism_tmax_min_lag2w,0.74,0.658,0.708,0.148,0.75,0.728,0.795,0.788,0.736,0.526,0.728,0.657,0.741,0.693,0.774,-0.92,-0.073,0.669,-0.02,0.042
prism_tmax_min_lag3w,0.745,0.619,0.777,0.129,0.762,0.73,0.807,0.791,0.681,0.567,0.697,0.636,0.697,0.721,0.788,-0.858,-0.093,0.668,-0.068,0.038
prism_tmax_min_lag4w,0.769,0.662,0.661,0.146,0.703,0.715,0.739,0.735,0.705,0.587,0.713,0.644,0.746,0.66,0.796,-0.825,-0.032,0.657,-0.023,-0.013
prism_tmax_min_lag5w,0.747,0.778,0.77,0.151,0.77,0.776,0.82,0.815,0.752,0.634,0.767,0.639,0.78,0.755,0.798,-1.19,0.07,0.758,-0.011,0.015
prism_tmax_min_lag6w,0.759,0.631,0.757,0.186,0.761,0.779,0.812,0.797,0.765,0.635,0.754,0.631,0.769,0.743,0.785,-0.448,0.097,0.731,-0.01,0.018
prism_tmax_min_lag7w,0.761,0.653,0.679,0.167,0.668,0.723,0.756,0.73,0.723,0.59,0.718,0.638,0.762,0.694,0.782,-1.005,0.2,0.644,-0.021,0.052
prism_tmax_min_lag8w,0.742,0.712,0.713,0.156,0.694,0.722,0.743,0.728,0.654,0.54,0.676,0.636,0.742,0.672,0.762,-0.648,0.13,0.622,0.001,0.052
prism_tmax_min_lag9w,0.757,0.699,0.692,0.166,0.682,0.739,0.776,0.753,0.708,0.554,0.696,0.639,0.742,0.684,0.796,-1.028,0.119,0.632,-0.011,0.039
prism_tmax_min_lag10w,0.765,0.716,0.774,0.186,0.772,0.764,0.806,0.794,0.766,0.632,0.754,0.631,0.756,0.721,0.788,-0.862,0.186,0.71,-0.001,0.023
prism_tmax_min_lag11w,0.768,0.708,0.777,0.167,0.782,0.759,0.804,0.79,0.733,0.63,0.733,0.65,0.756,0.716,0.787,-0.927,0.135,0.693,-0.009,0.02
prism_tmax_min_lag12w,0.766,0.736,0.777,0.17,0.773,0.744,0.8,0.791,0.738,0.597,0.716,0.637,0.745,0.714,0.787,-0.71,0.114,0.676,0.012,0.029
prism_tmax_min_lag13w,0.761,0.723,0.748,0.154,0.762,0.741,0.797,0.791,0.743,0.57,0.715,0.651,0.754,0.685,0.777,-0.888,0.067,0.673,0.027,0.023
prism_tmax_min_lag14w,0.78,0.702,0.748,0.136,0.757,0.717,0.778,0.781,0.717,0.59,0.719,0.641,0.745,0.673,0.782,-0.959,0.004,0.669,0.042,0.028
prism_tmax_min_lag15w,0.773,0.711,0.713,0.14,0.734,0.721,0.77,0.754,0.704,0.563,0.708,0.635,0.745,0.66,0.781,-0.764,0.067,0.664,0.02,0.024
prism_tmax_stdDev,0.758,0.671,0.702,0.146,0.732,0.716,0.772,0.766,0.712,0.543,0.699,0.637,0.738,0.652,0.775,-0.921,-0.038,0.635,-0.024,0.018
prism_tmax_stdDev_lag1w,0.76,0.681,0.696,0.129,0.733,0.71,0.774,0.769,0.723,0.528,0.689,0.647,0.732,0.659,0.787,-0.829,-0.077,0.642,-0.001,0.021
prism_tmax_stdDev_lag2w,0.752,0.68,0.703,0.138,0.74,0.715,0.771,0.767,0.722,0.554,0.697,0.644,0.743,0.667,0.783,-1.009,-0.06,0.649,0.046,0.004
prism_tmax_stdDev_lag3w,0.763,0.684,0.7,0.15,0.744,0.732,0.785,0.784,0.732,0.537,0.701,0.641,0.738,0.679,0.787,-0.742,-0.008,0.661,-0.039,0.024
prism_tmax_stdDev_lag4w,0.765,0.728,0.709,0.129,0.742,0.732,0.774,0.777,0.724,0.524,0.693,0.661,0.749,0.675,0.791,-0.8,-0.094,0.658,0.002,0.019
prism_tmax_stdDev_lag5w,0.745,0.701,0.707,0.122,0.749,0.74,0.769,0.781,0.726,0.53,0.701,0.646,0.748,0.667,0.78,-1.047,-0.013,0.655,0.012,0.007
prism_tmax_stdDev_lag6w,0.756,0.691,0.695,0.138,0.741,0.711,0.772,0.774,0.724,0.514,0.706,0.646,0.746,0.661,0.778,-0.575,-0.166,0.644,0.018,0.011
prism_tmax_stdDev_lag7w,0.762,0.675,0.707,0.142,0.731,0.714,0.773,0.771,0.717,0.529,0.707,0.646,0.734,0.659,0.782,-0.899,-0.048,0.643,0.026,0.024
prism_tmax_stdDev_lag8w,0.757,0.695,0.712,0.148,0.735,0.715,0.755,0.751,0.7,0.562,0.691,0.649,0.727,0.66,0.786,-1.01,-0.081,0.654,0.037,0.015
prism_tmax_stdDev_lag9w,0.759,0.685,0.713,0.151,0.738,0.725,0.769,0.777,0.721,0.536,0.697,0.642,0.73,0.653,0.78,-0.934,-0.035,0.65,0.01,0.01
prism_tmax_stdDev_lag10w,0.76,0.673,0.692,0.138,0.733,0.718,0.767,0.77,0.714,0.529,0.695,0.646,0.745,0.659,0.785,-0.799,-0.053,0.639,0.027,0.025
prism_tmax_stdDev_lag11w,0.763,0.677,0.703,0.132,0.739,0.708,0.766,0.765,0.709,0.527,0.701,0.657,0.735,0.669,0.779,-0.75,-0.002,0.646,0.008,0.003
prism_tmax_stdDev_lag12w,0.762,0.673,0.697,0.145,0.738,0.716,0.766,0.774,0.725,0.532,0.699,0.649,0.742,0.66,0.788,-0.979,-0.067,0.639,0.099,0.011
prism_tmax_stdDev_lag13w,0.748,0.661,0.697,0.142,0.738,0.714,0.774,0.778,0.709,0.54,0.691,0.643,0.741,0.663,0.789,-0.821,-0.002,0.649,0.057,-0.0
prism_tmax_stdDev_lag14w,0.754,0.675,0.695,0.137,0.736,0.716,0.772,0.769,0.712,0.517,0.696,0.641,0.736,0.666,0.785,-0.889,-0.049,0.644,0.041,0.015
prism_tmax_stdDev_lag15w,0.759,0.677,0.698,0.136,0.746,0.713,0.775,0.773,0.708,0.534,0.696,0.639,0.737,0.663,0.784,-0.968,-0.073,0.643,-0.176,0.015
prism_tmin_max,0.758,0.671,0.702,0.146,0.732,0.716,0.772,0.766,0.712,0.543,0.699,0.637,0.738,0.652,0.775,-0.921,-0.038,0.635,-0.024,0.018
prism_tmin_max_lag1w,0.769,0.684,0.701,0.152,0.729,0.732,0.768,0.77,0.703,0.542,0.695,0.661,0.733,0.662,0.787,-0.92,-0.037,0.657,-0.022,0.012
prism_tmin_max_lag2w,0.745,0.682,0.725,0.159,0.74,0.749,0.786,0.772,0.747,0.544,0.722,0.663,0.751,0.71,0.785,-0.966,-0.083,0.685,-0.022,0.028
prism_tmin_max_lag3w,0.725,0.682,0.735,0.161,0.681,0.714,0.77,0.748,0.712,0.553,0.649,0.653,0.699,0.69,0.771,-0.991,-0.085,0.648,-0.046,0.009
prism_tmin_max_lag4w,0.745,0.6,0.703,0.167,0.697,0.731,0.756,0.75,0.712,0.602,0.709,0.646,0.748,0.681,0.793,-0.968,-0.069,0.668,-0.017,-0.107
prism_tmin_max_lag5w,0.75,0.724,0.732,0.168,0.757,0.789,0.813,0.79,0.755,0.611,0.748,0.644,0.775,0.728,0.799,-0.82,0.163,0.705,-0.02,0.044
prism_tmin_max_lag6w,0.736,0.683,0.758,0.163,0.751,0.785,0.808,0.803,0.747,0.599,0.747,0.632,0.776,0.749,0.791,-0.82,0.105,0.722,0.01,0.238
prism_tmin_max_lag7w,0.756,0.753,0.781,0.179,0.775,0.788,0.785,0.78,0.748,0.595,0.751,0.663,0.783,0.745,0.788,-0.662,0.041,0.728,0.045,0.032
prism_tmin_max_lag8w,0.768,0.793,0.694,0.162,0.748,0.767,0.758,0.745,0.68,0.629,0.715,0.651,0.775,0.719,0.782,-0.725,0.208,0.673,0.033,-0.012
prism_tmin_max_lag9w,0.76,0.763,0.654,0.165,0.649,0.728,0.735,0.713,0.659,0.515,0.666,0.647,0.729,0.662,0.785,-0.715,0.22,0.598,0.025,0.049
prism_tmin_max_lag10w,0.77,0.622,0.695,0.186,0.668,0.742,0.808,0.798,0.726,0.593,0.737,0.637,0.756,0.691,0.791,-0.965,0.146,0.662,-0.044,0.064
prism_tmin_max_lag11w,0.768,0.712,0.712,0.179,0.716,0.753,0.802,0.782,0.733,0.585,0.725,0.645,0.756,0.69,0.792,-0.933,0.144,0.658,0.009,0.017
prism_tmin_max_lag12w,0.772,0.751,0.756,0.152,0.75,0.758,0.803,0.785,0.741,0.572,0.729,0.638,0.754,0.707,0.784,-0.714,0.114,0.681,0.011,0.03
prism_tmin_max_lag13w,0.765,0.731,0.742,0.147,0.742,0.758,0.789,0.769,0.726,0.645,0.703,0.65,0.747,0.676,0.791,-0.58,0.078,0.67,-0.003,0.014
prism_tmin_max_lag14w,0.774,0.699,0.749,0.148,0.747,0.733,0.782,0.784,0.723,0.554,0.703,0.649,0.744,0.675,0.783,-0.419,0.027,0.665,0.024,0.016
prism_tmin_max_lag15w,0.767,0.687,0.712,0.165,0.751,0.721,0.769,0.762,0.717,0.527,0.701,0.652,0.737,0.67,0.786,-0.668,0.022,0.662,0.051,0.018
prism_tmin_mean,0.758,0.671,0.702,0.146,0.732,0.716,0.772,0.766,0.712,0.543,0.699,0.637,0.738,0.652,0.775,-0.921,-0.038,0.635,-0.024,0.018
prism_tmin_mean_lag1w,0.761,0.666,0.713,0.133,0.743,0.721,0.777,0.771,0.726,0.529,0.707,0.607,0.739,0.679,0.781,-0.953,-0.032,0.656,-0.07,0.001
prism_tmin_mean_lag2w,0.744,0.681,0.739,0.143,0.743,0.676,0.771,0.757,0.674,0.534,0.684,0.655,0.703,0.654,0.765,-0.947,0.04,0.638,-0.027,0.012
prism_tmin_mean_lag3w,0.752,0.67,0.744,0.15,0.717,0.742,0.784,0.763,0.734,0.56,0.664,0.653,0.719,0.718,0.807,-0.715,-0.044,0.672,-0.065,0.062
prism_tmin_mean_lag4w,0.758,0.677,0.725,0.157,0.719,0.727,0.774,0.769,0.725,0.615,0.729,0.633,0.757,0.7,0.779,-0.914,0.1,0.68,-0.041,-0.208
prism_tmin_mean_lag5w,0.731,0.714,0.749,0.167,0.761,0.762,0.797,0.789,0.747,0.566,0.747,0.643,0.776,0.726,0.802,-0.725,0.139,0.7,-0.046,0.011
prism_tmin_mean_lag6w,0.742,0.696,0.749,0.191,0.737,0.768,0.792,0.768,0.755,0.612,0.728,0.636,0.776,0.731,0.792,-1.018,0.115,0.709,0.01,0.144
prism_tmin_mean_lag7w,0.764,0.745,0.747,0.143,0.736,0.776,0.793,0.774,0.757,0.577,0.744,0.651,0.774,0.738,0.793,-1.036,0.197,0.717,-0.002,0.048
prism_tmin_mean_lag8w,0.76,0.725,0.723,0.149,0.714,0.76,0.767,0.746,0.699,0.582,0.716,0.635,0.768,0.715,0.774,-0.732,0.125,0.694,0.031,0.039
prism_tmin_mean_lag9w,0.759,0.763,0.683,0.176,0.667,0.741,0.755,0.723,0.695,0.515,0.672,0.638,0.718,0.686,0.791,-0.683,0.253,0.637,0.016,0.041
prism_tmin_mean_lag10w,0.77,0.681,0.702,0.159,0.697,0.748,0.805,0.79,0.729,0.598,0.733,0.647,0.749,0.7,0.789,-0.832,0.129,0.659,-0.045,0.02
prism_tmin_mean_lag11w,0.753,0.693,0.728,0.174,0.733,0.736,0.797,0.786,0.732,0.59,0.737,0.64,0.749,0.694,0.787,-0.848,0.071,0.677,0.004,0.026
prism_tmin_mean_lag12w,0.768,0.746,0.772,0.149,0.747,0.754,0.798,0.783,0.748,0.598,0.71,0.638,0.752,0.703,0.797,-0.728,0.196,0.69,-0.009,0.025
prism_tmin_mean_lag13w,0.761,0.768,0.738,0.169,0.751,0.751,0.788,0.769,0.722,0.567,0.713,0.664,0.745,0.69,0.79,-0.795,0.107,0.678,0.034,0.023
prism_tmin_mean_lag14w,0.773,0.723,0.745,0.162,0.756,0.728,0.794,0.786,0.719,0.593,0.705,0.646,0.745,0.689,0.785,-0.634,0.096,0.674,0.009,0.019
prism_tmin_mean_lag15w,0.769,0.685,0.72,0.168,0.741,0.715,0.771,0.764,0.719,0.534,0.697,0.647,0.738,0.67,0.79,-1.038,0.013,0.655,-0.003,0.014
prism_tmin_min,0.758,0.671,0.702,0.146,0.732,0.716,0.772,0.766,0.712,0.543,0.699,0.637,0.738,0.652,0.775,-0.921,-0.038,0.635,-0.024,0.018
prism_tmin_min_lag1w,0.743,0.665,0.702,0.153,0.744,0.744,0.784,0.779,0.719,0.543,0.714,0.63,0.742,0.677,0.781,-0.928,-0.038,0.668,-0.042,0.016
prism_tmin_min_lag2w,0.723,0.633,0.722,0.145,0.724,0.671,0.78,0.773,0.684,0.535,0.712,0.66,0.7,0.658,0.765,-0.394,-0.041,0.637,-0.005,0.001
prism_tmin_min_lag3w,0.753,0.67,0.759,0.164,0.767,0.715,0.798,0.773,0.721,0.592,0.72,0.651,0.741,0.713,0.781,-0.797,-0.034,0.679,-0.039,0.02
prism_tmin_min_lag4w,0.738,0.769,0.729,0.133,0.713,0.74,0.778,0.772,0.726,0.609,0.727,0.641,0.749,0.704,0.787,-0.881,0.017,0.693,-0.03,0.009
prism_tmin_min_lag5w,0.727,0.75,0.731,0.148,0.731,0.746,0.79,0.771,0.748,0.545,0.703,0.642,0.773,0.706,0.777,-0.952,0.071,0.702,-0.013,0.003
prism_tmin_min_lag6w,0.749,0.664,0.752,0.184,0.748,0.788,0.789,0.773,0.742,0.593,0.741,0.634,0.763,0.733,0.797,-1.026,0.07,0.708,0.023,0.26
prism_tmin_min_lag7w,0.756,0.763,0.74,0.169,0.724,0.764,0.78,0.755,0.746,0.567,0.716,0.644,0.758,0.733,0.788,-0.969,0.111,0.698,0.02,0.044
prism_tmin_min_lag8w,0.736,0.713,0.718,0.143,0.703,0.735,0.76,0.733,0.659,0.543,0.692,0.643,0.757,0.689,0.782,-0.762,0.163,0.645,0.034,0.012
prism_tmin_min_lag9w,0.771,0.756,0.689,0.17,0.681,0.73,0.789,0.755,0.727,0.53,0.71,0.648,0.741,0.702,0.782,-0.774,0.281,0.664,0.022,0.03
prism_tmin_min_lag10w,0.769,0.647,0.69,0.168,0.69,0.76,0.803,0.785,0.726,0.585,0.725,0.641,0.745,0.696,0.793,-0.657,0.037,0.667,0.028,0.012
prism_tmin_min_lag11w,0.77,0.719,0.733,0.19,0.746,0.754,0.788,0.778,0.731,0.625,0.723,0.647,0.75,0.726,0.79,-0.829,0.045,0.692,0.041,0.019
prism_tmin_min_lag12w,0.762,0.739,0.766,0.176,0.752,0.756,0.814,0.796,0.743,0.666,0.715,0.639,0.748,0.704,0.789,-0.813,0.036,0.68,0.042,0.024
prism_tmin_min_lag13w,0.769,0.715,0.745,0.178,0.752,0.754,0.796,0.786,0.723,0.589,0.703,0.664,0.749,0.69,0.778,-0.867,0.014,0.664,0.065,0.015
prism_tmin_min_lag14w,0.775,0.685,0.75,0.15,0.755,0.73,0.788,0.776,0.727,0.52,0.713,0.669,0.752,0.69,0.785,-0.884,-0.024,0.663,0.056,0.012
prism_tmin_min_lag15w,0.769,0.697,0.726,0.168,0.74,0.731,0.774,0.766,0.712,0.542,0.693,0.652,0.731,0.688,0.776,-0.73,-0.002,0.654,0.024,0.017
prism_tmin_stdDev,0.758,0.671,0.702,0.146,0.732,0.716,0.772,0.766,0.712,0.543,0.699,0.637,0.738,0.652,0.775,-0.921,-0.038,0.635,-0.024,0.018
prism_tmin_stdDev_lag1w,0.756,0.675,0.704,0.149,0.73,0.712,0.765,0.761,0.707,0.536,0.686,0.637,0.739,0.655,0.782,-0.701,-0.062,0.647,-0.061,0.003
prism_tmin_stdDev_lag2w,0.755,0.668,0.698,0.153,0.735,0.712,0.76,0.764,0.712,0.541,0.704,0.642,0.738,0.658,0.78,-0.681,-0.012,0.656,-0.014,0.01
prism_tmin_stdDev_lag3w,0.767,0.665,0.697,0.144,0.735,0.711,0.769,0.769,0.71,0.522,0.698,0.634,0.729,0.66,0.778,-0.838,0.107,0.637,-0.017,0.015
prism_tmin_stdDev_lag4w,0.764,0.7,0.706,0.146,0.735,0.713,0.772,0.772,0.711,0.52,0.701,0.646,0.741,0.665,0.784,-1.049,-0.098,0.658,-0.015,0.009
prism_tmin_stdDev_lag5w,0.758,0.664,0.685,0.146,0.724,0.724,0.758,0.752,0.732,0.507,0.681,0.65,0.746,0.639,0.777,-1.018,-0.035,0.639,-0.019,-0.002
prism_tmin_stdDev_lag6w,0.765,0.685,0.704,0.149,0.736,0.715,0.772,0.771,0.719,0.508,0.709,0.644,0.737,0.661,0.774,-0.8,0.011,0.66,0.034,0.031
prism_tmin_stdDev_lag7w,0.764,0.676,0.715,0.155,0.739,0.713,0.769,0.77,0.712,0.537,0.697,0.642,0.733,0.655,0.776,-0.825,-0.064,0.64,0.037,0.008
prism_tmin_stdDev_lag8w,0.751,0.678,0.706,0.151,0.744,0.709,0.77,0.766,0.707,0.55,0.697,0.646,0.734,0.654,0.774,-0.79,-0.043,0.643,0.026,0.013
prism_tmin_stdDev_lag9w,0.757,0.675,0.704,0.149,0.735,0.715,0.775,0.766,0.713,0.507,0.697,0.639,0.727,0.655,0.784,-0.89,0.02,0.643,-0.006,0.01
prism_tmin_stdDev_lag10w,0.759,0.673,0.707,0.16,0.741,0.715,0.769,0.759,0.71,0.551,0.7,0.642,0.738,0.658,0.779,-0.807,-0.018,0.651,0.052,-0.009
prism_tmin_stdDev_lag11w,0.753,0.684,0.704,0.157,0.734,0.72,0.767,0.765,0.708,0.532,0.7,0.643,0.743,0.665,0.776,-0.855,-0.062,0.648,-0.031,0.011
prism_tmin_stdDev_lag12w,0.756,0.679,0.71,0.15,0.737,0.72,0.768,0.77,0.715,0.537,0.703,0.64,0.733,0.657,0.777,-0.587,-0.012,0.653,0.069,-0.001
prism_tmin_stdDev_lag13w,0.758,0.676,0.696,0.164,0.74,0.716,0.768,0.763,0.711,0.538,0.698,0.639,0.73,0.664,0.785,-0.756,0.013,0.647,0.028,0.014
prism_tmin_stdDev_lag14w,0.761,0.686,0.702,0.157,0.734,0.706,0.757,0.762,0.708,0.539,0.697,0.632,0.739,0.657,0.781,-0.993,-0.112,0.64,0.074,0.008
prism_tmin_stdDev_lag15w,0.757,0.677,0.696,0.148,0.726,0.71,0.768,0.766,0.717,0.532,0.699,0.64,0.729,0.653,0.777,-0.706,-0.007,0.64,-0.333,0.012
tdmean_max,0.758,0.671,0.702,0.146,0.732,0.716,0.772,0.766,0.712,0.543,0.699,0.637,0.738,0.652,0.775,-0.921,-0.038,0.635,-0.024,0.018
tdmean_max_lag1w,0.755,0.668,0.725,0.149,0.738,0.712,0.795,0.772,0.706,0.525,0.738,0.643,0.733,0.674,0.774,-0.908,-0.041,0.66,-0.029,0.007
tdmean_max_lag2w,0.756,0.539,0.718,0.163,0.723,0.71,0.798,0.778,0.683,0.573,0.7,0.65,0.723,0.651,0.785,-1.022,-0.025,0.663,-0.015,0.004
tdmean_max_lag3w,0.758,0.48,0.732,0.163,0.706,0.688,0.769,0.76,0.69,0.58,0.72,0.643,0.727,0.693,0.788,-0.902,-0.015,0.677,-0.024,0.008
tdmean_max_lag4w,0.761,0.57,0.7,0.153,0.682,0.67,0.739,0.714,0.654,0.578,0.661,0.637,0.735,0.628,0.772,-1.047,-0.039,0.598,-0.041,-0.129
tdmean_max_lag5w,0.75,0.592,0.741,0.165,0.702,0.731,0.778,0.753,0.651,0.592,0.646,0.63,0.72,0.662,0.778,-1.197,-0.031,0.61,-0.037,-0.138
tdmean_max_lag6w,0.739,0.676,0.72,0.157,0.736,0.729,0.787,0.785,0.702,0.555,0.712,0.643,0.748,0.693,0.777,-0.314,0.131,0.655,0.045,-0.082
tdmean_max_lag7w,0.757,0.734,0.734,0.157,0.703,0.747,0.797,0.78,0.729,0.61,0.706,0.641,0.754,0.7,0.779,-1.121,0.021,0.67,0.044,-0.005
tdmean_max_lag8w,0.764,0.709,0.728,0.156,0.722,0.741,0.789,0.788,0.734,0.527,0.714,0.637,0.747,0.722,0.786,-1.122,0.122,0.703,0.088,0.011
tdmean_max_lag9w,0.753,0.743,0.718,0.162,0.719,0.749,0.791,0.788,0.74,0.474,0.712,0.645,0.749,0.704,0.773,-1.12,0.064,0.667,0.041,0.01
tdmean_max_lag10w,0.749,0.735,0.731,0.166,0.74,0.725,0.791,0.777,0.693,0.543,0.704,0.622,0.723,0.678,0.781,-0.832,-0.063,0.661,0.043,0.034
tdmean_max_lag11w,0.764,0.736,0.759,0.158,0.752,0.746,0.791,0.779,0.719,0.615,0.709,0.632,0.754,0.696,0.789,-0.861,0.037,0.669,0.073,0.02
tdmean_max_lag12w,0.75,0.706,0.716,0.167,0.745,0.739,0.794,0.785,0.701,0.63,0.689,0.646,0.736,0.672,0.778,-0.996,0.018,0.655,0.059,0.019
tdmean_max_lag13w,0.759,0.701,0.737,0.161,0.752,0.725,0.784,0.769,0.711,0.609,0.688,0.633,0.742,0.675,0.784,-1.032,0.047,0.657,0.065,0.015
tdmean_max_lag14w,0.767,0.715,0.738,0.153,0.753,0.73,0.802,0.783,0.696,0.535,0.702,0.646,0.74,0.677,0.784,-0.899,0.051,0.662,0.016,0.001
tdmean_max_lag15w,0.763,0.671,0.733,0.159,0.744,0.719,0.784,0.77,0.698,0.529,0.699,0.648,0.738,0.667,0.78,-0.752,0.018,0.648,0.025,0.003
tdmean_mean,0.758,0.671,0.702,0.146,0.732,0.716,0.772,0.766,0.712,0.543,0.699,0.637,0.738,0.652,0.775,-0.921,-0.038,0.635,-0.024,0.018
tdmean_mean_lag1w,0.755,0.593,0.737,0.146,0.762,0.72,0.8,0.777,0.699,0.531,0.69,0.638,0.723,0.669,0.779,-0.755,0.071,0.663,-0.024,0.037
tdmean_mean_lag2w,0.763,0.527,0.715,0.165,0.715,0.708,0.785,0.777,0.717,0.599,0.728,0.655,0.725,0.682,0.794,-0.928,-0.152,0.675,-0.012,0.019
tdmean_mean_lag3w,0.755,0.483,0.744,0.161,0.727,0.727,0.778,0.765,0.7,0.61,0.734,0.643,0.757,0.714,0.797,-0.693,0.182,0.699,0.005,0.038
tdmean_mean_lag4w,0.747,0.525,0.712,0.151,0.69,0.739,0.741,0.732,0.698,0.581,0.687,0.636,0.733,0.651,0.769,-0.914,0.087,0.669,0.001,-0.047
tdmean_mean_lag5w,0.746,0.698,0.713,0.147,0.694,0.726,0.79,0.772,0.668,0.565,0.685,0.643,0.733,0.674,0.784,-0.926,0.203,0.611,0.055,0.056
tdmean_mean_lag6w,0.751,0.709,0.706,0.159,0.725,0.727,0.792,0.786,0.724,0.569,0.713,0.634,0.749,0.717,0.78,-0.89,0.19,0.674,0.076,-0.018
tdmean_mean_lag7w,0.745,0.695,0.699,0.166,0.67,0.756,0.783,0.772,0.721,0.6,0.693,0.641,0.761,0.711,0.785,-0.846,0.08,0.663,0.109,0.053
tdmean_mean_lag8w,0.751,0.68,0.74,0.164,0.724,0.758,0.799,0.784,0.742,0.583,0.729,0.642,0.76,0.721,0.789,-0.713,0.148,0.692,0.058,0.025
tdmean_mean_lag9w,0.764,0.716,0.729,0.157,0.708,0.755,0.778,0.776,0.722,0.544,0.708,0.637,0.751,0.697,0.787,-0.924,0.093,0.68,0.053,0.012
tdmean_mean_lag10w,0.75,0.658,0.74,0.175,0.745,0.738,0.78,0.768,0.713,0.5,0.708,0.629,0.74,0.685,0.78,-1.048,-0.119,0.676,0.027,0.019
tdmean_mean_lag11w,0.766,0.741,0.765,0.173,0.754,0.75,0.79,0.781,0.709,0.627,0.718,0.638,0.759,0.701,0.781,-0.619,0.015,0.692,0.041,0.025
tdmean_mean_lag12w,0.762,0.704,0.719,0.16,0.723,0.751,0.772,0.771,0.725,0.607,0.71,0.644,0.755,0.7,0.781,-0.915,0.057,0.662,0.038,0.029
tdmean_mean_lag13w,0.759,0.713,0.734,0.164,0.739,0.755,0.784,0.774,0.724,0.613,0.696,0.636,0.743,0.703,0.786,-0.561,0.095,0.668,0.014,0.028
tdmean_mean_lag14w,0.763,0.695,0.74,0.156,0.745,0.769,0.794,0.786,0.719,0.558,0.708,0.643,0.754,0.702,0.792,-0.412,0.097,0.677,0.004,0.018
tdmean_mean_lag15w,0.761,0.673,0.736,0.161,0.751,0.74,0.776,0.762,0.711,0.547,0.699,0.632,0.742,0.693,0.783,-0.544,0.066,0.673,0.016,0.019
tdmean_min,0.758,0.671,0.702,0.146,0.732,0.716,0.772,0.766,0.712,0.543,0.699,0.637,0.738,0.652,0.775,-0.921,-0.038,0.635,-0.024,0.018
tdmean_min_lag1w,0.766,0.616,0.711,0.14,0.739,0.716,0.798,0.792,0.708,0.551,0.701,0.635,0.722,0.677,0.777,-0.62,-0.064,0.656,-0.057,0.019
tdmean_min_lag2w,0.764,0.47,0.727,0.137,0.718,0.716,0.796,0.769,0.699,0.574,0.712,0.653,0.714,0.664,0.78,-0.624,-0.079,0.661,-0.022,0.023
tdmean_min_lag3w,0.755,0.658,0.754,0.155,0.74,0.724,0.788,0.767,0.721,0.647,0.745,0.646,0.76,0.685,0.791,-1.337,0.114,0.692,-0.034,0.038
tdmean_min_lag4w,0.757,0.649,0.754,0.144,0.72,0.706,0.758,0.737,0.655,0.544,0.672,0.643,0.703,0.638,0.761,-0.858,0.101,0.617,-0.024,-0.008
tdmean_min_lag5w,0.754,0.667,0.671,0.143,0.711,0.748,0.783,0.766,0.721,0.514,0.694,0.648,0.74,0.687,0.779,-0.832,0.157,0.656,0.04,0.127
tdmean_min_lag6w,0.756,0.732,0.702,0.169,0.71,0.745,0.802,0.798,0.737,0.546,0.752,0.635,0.749,0.746,0.782,-0.707,0.067,0.72,0.09,-0.026
tdmean_min_lag7w,0.751,0.706,0.745,0.162,0.727,0.741,0.794,0.781,0.711,0.619,0.722,0.635,0.75,0.712,0.787,-0.978,-0.043,0.673,0.137,0.011
tdmean_min_lag8w,0.752,0.644,0.757,0.15,0.742,0.72,0.79,0.784,0.717,0.583,0.72,0.638,0.743,0.687,0.778,-0.862,0.15,0.676,0.073,0.018
tdmean_min_lag9w,0.761,0.692,0.694,0.169,0.721,0.724,0.776,0.782,0.712,0.565,0.715,0.637,0.737,0.687,0.791,-0.637,0.119,0.668,0.082,0.028
tdmean_min_lag10w,0.765,0.669,0.746,0.172,0.742,0.718,0.786,0.773,0.699,0.538,0.697,0.647,0.739,0.674,0.787,-0.545,0.036,0.661,0.053,0.019
tdmean_min_lag11w,0.765,0.699,0.745,0.141,0.763,0.722,0.784,0.782,0.722,0.653,0.716,0.658,0.748,0.686,0.784,-0.754,0.054,0.664,0.019,0.02
tdmean_min_lag12w,0.759,0.698,0.739,0.141,0.751,0.746,0.783,0.782,0.72,0.626,0.713,0.65,0.749,0.682,0.787,-0.801,0.041,0.666,0.018,0.021
tdmean_min_lag13w,0.76,0.727,0.732,0.152,0.752,0.732,0.794,0.788,0.709,0.624,0.706,0.627,0.736,0.667,0.778,-0.644,0.084,0.649,0.005,0.008
tdmean_min_lag14w,0.76,0.717,0.752,0.161,0.752,0.75,0.797,0.794,0.713,0.588,0.725,0.642,0.748,0.675,0.783,-0.631,0.094,0.666,0.035,0.023
tdmean_min_lag15w,0.755,0.72,0.739,0.147,0.749,0.718,0.786,0.79,0.697,0.544,0.706,0.653,0.739,0.67,0.778,-0.674,0.05,0.653,-0.001,0.023
tdmean_stdDev,0.758,0.671,0.702,0.146,0.732,0.716,0.772,0.766,0.712,0.543,0.699,0.637,0.738,0.652,0.775,-0.921,-0.038,0.635,-0.024,0.018
tdmean_stdDev_lag1w,0.754,0.664,0.696,0.155,0.732,0.715,0.766,0.767,0.712,0.555,0.705,0.64,0.737,0.663,0.777,-0.905,-0.002,0.647,-0.024,0.008
tdmean_stdDev_lag2w,0.762,0.656,0.69,0.153,0.729,0.71,0.769,0.767,0.71,0.554,0.707,0.638,0.73,0.662,0.787,-0.918,-0.045,0.646,-0.147,0.025
tdmean_stdDev_lag3w,0.768,0.661,0.697,0.164,0.732,0.708,0.762,0.763,0.714,0.559,0.701,0.635,0.729,0.661,0.782,-0.899,-0.007,0.627,-0.046,0.012
tdmean_stdDev_lag4w,0.761,0.657,0.695,0.154,0.727,0.688,0.769,0.77,0.691,0.533,0.697,0.637,0.718,0.656,0.783,-0.695,-0.045,0.634,-0.031,0.014
tdmean_stdDev_lag5w,0.76,0.657,0.69,0.149,0.734,0.722,0.764,0.767,0.721,0.559,0.697,0.642,0.738,0.666,0.78,-0.808,0.044,0.643,-0.047,0.021
tdmean_stdDev_lag6w,0.755,0.659,0.701,0.146,0.727,0.718,0.77,0.761,0.716,0.545,0.703,0.649,0.742,0.666,0.778,-0.822,-0.078,0.639,-0.006,0.012
tdmean_stdDev_lag7w,0.759,0.655,0.705,0.15,0.735,0.72,0.77,0.775,0.717,0.557,0.704,0.631,0.731,0.667,0.785,-0.804,-0.069,0.647,-0.014,0.017
tdmean_stdDev_lag8w,0.768,0.669,0.706,0.154,0.729,0.706,0.772,0.77,0.712,0.556,0.689,0.647,0.726,0.665,0.788,-0.685,-0.071,0.639,-0.033,0.009
tdmean_stdDev_lag9w,0.763,0.667,0.699,0.157,0.729,0.711,0.769,0.77,0.71,0.542,0.696,0.641,0.734,0.667,0.782,-0.986,-0.047,0.646,-0.029,0.014
tdmean_stdDev_lag10w,0.766,0.656,0.706,0.163,0.741,0.717,0.764,0.764,0.718,0.545,0.693,0.634,0.74,0.671,0.779,-0.816,-0.065,0.653,0.002,0.02
tdmean_stdDev_lag11w,0.761,0.657,0.694,0.158,0.731,0.71,0.764,0.766,0.71,0.54,0.705,0.634,0.729,0.66,0.78,-0.679,-0.131,0.641,0.026,0.018
tdmean_stdDev_lag12w,0.767,0.672,0.706,0.156,0.736,0.71,0.762,0.771,0.711,0.539,0.701,0.636,0.729,0.666,0.782,-0.542,-0.044,0.636,0.006,0.017
tdmean_stdDev_lag13w,0.775,0.668,0.7,0.147,0.735,0.724,0.775,0.765,0.724,0.566,0.703,0.635,0.74,0.673,0.783,-0.792,-0.035,0.655,-0.045,0.006
tdmean_stdDev_lag14w,0.763,0.669,0.7,0.149,0.744,0.719,0.769,0.771,0.719,0.56,0.707,0.638,0.737,0.665,0.786,-0.744,-0.014,0.641,-0.058,0.014
tdmean_stdDev_lag15w,0.76,0.646,0.706,0.133,0.734,0.716,0.767,0.773,0.72,0.563,0.704,0.638,0.733,0.663,0.779,-0.853,-0.113,0.648,-0.039,0.017
vpd_max_max,0.758,0.671,0.702,0.146,0.732,0.716,0.772,0.766,0.712,0.543,0.699,0.637,0.738,0.652,0.775,-0.921,-0.038,0.635,-0.024,0.018
vpd_max_max_lag1w,0.762,0.678,0.701,0.157,0.739,0.713,0.77,0.763,0.708,0.523,0.701,0.636,0.741,0.658,0.778,-0.838,-0.058,0.64,0.002,0.015
vpd_max_max_lag2w,0.766,0.657,0.702,0.151,0.745,0.701,0.768,0.771,0.693,0.55,0.699,0.645,0.729,0.656,0.783,-0.886,-0.026,0.641,-0.002,0.012
vpd_max_max_lag3w,0.757,0.669,0.712,0.154,0.732,0.729,0.767,0.767,0.711,0.534,0.7,0.64,0.729,0.67,0.791,-0.843,-0.071,0.664,-0.033,0.017
vpd_max_max_lag4w,0.76,0.714,0.716,0.154,0.741,0.719,0.773,0.777,0.728,0.557,0.706,0.652,0.733,0.679,0.79,-1.005,-0.003,0.654,-0.006,0.021
vpd_max_max_lag5w,0.767,0.735,0.721,0.17,0.714,0.726,0.773,0.767,0.698,0.551,0.711,0.639,0.754,0.677,0.79,-0.632,-0.023,0.656,0.003,0.02
vpd_max_max_lag6w,0.75,0.681,0.732,0.166,0.729,0.722,0.783,0.758,0.716,0.54,0.727,0.64,0.718,0.686,0.786,-0.966,0.026,0.683,-0.011,0.039
vpd_max_max_lag7w,0.757,0.733,0.697,0.187,0.76,0.767,0.792,0.773,0.747,0.574,0.742,0.648,0.754,0.722,0.772,-0.895,-0.004,0.705,-0.06,0.019
vpd_max_max_lag8w,0.753,0.781,0.634,0.178,0.67,0.727,0.783,0.766,0.71,0.569,0.71,0.635,0.743,0.679,0.771,-0.756,0.11,0.686,0.014,0.023
vpd_max_max_lag9w,0.762,0.726,0.634,0.235,0.583,0.653,0.713,0.666,0.629,0.582,0.623,0.638,0.736,0.556,0.776,-0.99,0.045,0.516,-0.014,0.019
vpd_max_max_lag10w,0.764,0.671,0.655,0.195,0.675,0.723,0.778,0.77,0.685,0.542,0.683,0.638,0.725,0.649,0.782,-0.817,0.045,0.623,0.031,0.003
vpd_max_max_lag11w,0.779,0.698,0.626,0.172,0.676,0.676,0.785,0.786,0.696,0.55,0.691,0.647,0.731,0.637,0.785,-1.048,-0.064,0.628,0.019,0.009
vpd_max_max_lag12w,0.759,0.7,0.703,0.188,0.746,0.717,0.768,0.768,0.722,0.601,0.722,0.65,0.736,0.675,0.782,-0.681,0.062,0.666,-0.011,0.025
vpd_max_max_lag13w,0.767,0.699,0.712,0.157,0.733,0.724,0.768,0.769,0.721,0.521,0.707,0.645,0.741,0.67,0.785,-0.841,-0.016,0.657,-0.051,0.014
vpd_max_max_lag14w,0.77,0.67,0.735,0.165,0.751,0.731,0.778,0.79,0.725,0.519,0.728,0.637,0.756,0.696,0.794,-0.693,-0.106,0.676,0.027,0.01
vpd_max_max_lag15w,0.762,0.674,0.709,0.154,0.746,0.712,0.767,0.757,0.716,0.555,0.714,0.642,0.73,0.668,0.786,-0.812,0.002,0.655,0.018,0.017
vpd_max_mean,0.758,0.671,0.702,0.146,0.732,0.716,0.772,0.766,0.712,0.543,0.699,0.637,0.738,0.652,0.775,-0.921,-0.038,0.635,-0.024,0.018
vpd_max_mean_lag1w,0.767,0.676,0.698,0.152,0.728,0.715,0.771,0.769,0.703,0.497,0.699,0.634,0.738,0.655,0.779,-0.956,-0.095,0.637,-0.02,0.013
vpd_max_mean_lag2w,0.766,0.665,0.699,0.15,0.739,0.694,0.768,0.769,0.712,0.531,0.689,0.643,0.73,0.655,0.782,-0.853,0.0,0.637,0.002,0.015
vpd_max_mean_lag3w,0.759,0.662,0.709,0.169,0.732,0.729,0.773,0.772,0.711,0.548,0.704,0.64,0.74,0.681,0.797,-0.928,-0.04,0.669,-0.071,0.014
vpd_max_mean_lag4w,0.757,0.666,0.722,0.173,0.739,0.711,0.777,0.769,0.705,0.54,0.706,0.64,0.71,0.674,0.786,-0.82,-0.014,0.639,-0.006,0.011
vpd_max_mean_lag5w,0.755,0.751,0.711,0.157,0.737,0.723,0.794,0.779,0.679,0.551,0.716,0.63,0.749,0.706,0.793,-0.776,-0.055,0.672,0.019,0.01
vpd_max_mean_lag6w,0.756,0.603,0.728,0.175,0.721,0.713,0.789,0.757,0.711,0.54,0.725,0.634,0.728,0.682,0.784,-0.99,-0.083,0.681,-0.004,0.039
vpd_max_mean_lag7w,0.767,0.732,0.707,0.166,0.767,0.768,0.804,0.782,0.752,0.591,0.762,0.637,0.77,0.738,0.793,-0.818,0.043,0.715,-0.018,0.015
vpd_max_mean_lag8w,0.759,0.79,0.655,0.18,0.716,0.755,0.787,0.792,0.739,0.539,0.733,0.634,0.744,0.733,0.757,-0.839,-0.056,0.714,0.039,0.039
vpd_max_mean_lag9w,0.763,0.724,0.698,0.209,0.693,0.736,0.771,0.735,0.683,0.574,0.683,0.643,0.732,0.665,0.781,-1.122,0.045,0.624,-0.005,0.02
vpd_max_mean_lag10w,0.771,0.731,0.761,0.194,0.74,0.742,0.792,0.791,0.726,0.557,0.708,0.649,0.722,0.689,0.785,-0.727,-0.019,0.661,0.051,0.023
vpd_max_mean_lag11w,0.765,0.703,0.702,0.183,0.733,0.724,0.774,0.772,0.718,0.575,0.709,0.649,0.723,0.677,0.785,-0.904,-0.054,0.668,0.021,-0.003
vpd_max_mean_lag12w,0.765,0.701,0.738,0.19,0.739,0.718,0.772,0.772,0.711,0.554,0.711,0.639,0.736,0.67,0.779,-0.769,-0.055,0.671,-0.0,0.022
vpd_max_mean_lag13w,0.771,0.687,0.72,0.168,0.737,0.702,0.777,0.776,0.704,0.531,0.712,0.648,0.728,0.658,0.779,-0.981,-0.08,0.651,-0.031,0.013
vpd_max_mean_lag14w,0.759,0.682,0.721,0.157,0.758,0.721,0.775,0.78,0.709,0.564,0.714,0.629,0.748,0.66,0.784,-0.69,-0.036,0.669,0.04,0.017
vpd_max_mean_lag15w,0.765,0.678,0.715,0.152,0.748,0.717,0.764,0.756,0.713,0.553,0.718,0.633,0.745,0.672,0.789,-0.833,0.035,0.66,0.014,0.005
vpd_max_min,0.758,0.671,0.702,0.146,0.732,0.716,0.772,0.766,0.712,0.543,0.699,0.637,0.738,0.652,0.775,-0.921,-0.038,0.635,-0.024,0.018
vpd_max_min_lag1w,0.769,0.667,0.7,0.135,0.73,0.718,0.778,0.776,0.709,0.424,0.695,0.639,0.737,0.662,0.78,-0.961,-0.025,0.641,-0.021,0.003
vpd_max_min_lag2w,0.759,0.682,0.696,0.151,0.74,0.707,0.769,0.779,0.717,0.529,0.707,0.644,0.72,0.656,0.782,-0.885,-0.021,0.653,0.009,0.097
vpd_max_min_lag3w,0.759,0.684,0.707,0.152,0.739,0.723,0.766,0.758,0.7,0.539,0.705,0.642,0.735,0.691,0.789,-1.004,-0.034,0.66,-0.041,0.038
vpd_max_min_lag4w,0.762,0.676,0.709,0.161,0.725,0.745,0.779,0.775,0.726,0.547,0.715,0.636,0.74,0.713,0.782,-0.813,-0.014,0.665,-0.047,0.015
vpd_max_min_lag5w,0.752,0.731,0.691,0.151,0.73,0.699,0.777,0.793,0.701,0.551,0.735,0.638,0.769,0.719,0.778,-0.685,-0.047,0.683,0.009,0.024
vpd_max_min_lag6w,0.765,0.652,0.763,0.176,0.755,0.769,0.784,0.786,0.77,0.555,0.761,0.641,0.75,0.722,0.778,-0.844,-0.166,0.715,-0.027,0.025
vpd_max_min_lag7w,0.758,0.586,0.664,0.164,0.674,0.679,0.776,0.733,0.687,0.557,0.704,0.641,0.717,0.655,0.779,-0.779,0.049,0.648,-0.065,0.02
vpd_max_min_lag8w,0.763,0.759,0.68,0.155,0.694,0.719,0.774,0.766,0.717,0.558,0.734,0.635,0.729,0.673,0.777,-0.72,-0.033,0.675,-0.052,0.014
vpd_max_min_lag9w,0.76,0.726,0.699,0.196,0.717,0.715,0.784,0.774,0.708,0.59,0.715,0.633,0.729,0.661,0.774,-1.127,-0.07,0.641,-0.031,0.028
vpd_max_min_lag10w,0.762,0.702,0.732,0.171,0.762,0.749,0.774,0.783,0.729,0.604,0.723,0.643,0.742,0.696,0.781,-0.811,-0.028,0.68,-0.016,0.027
vpd_max_min_lag11w,0.761,0.705,0.726,0.156,0.746,0.726,0.778,0.77,0.733,0.556,0.715,0.637,0.744,0.68,0.787,-0.828,-0.097,0.663,0.006,-0.027
vpd_max_min_lag12w,0.759,0.676,0.709,0.165,0.748,0.72,0.769,0.763,0.71,0.544,0.703,0.639,0.739,0.665,0.783,-0.702,-0.033,0.646,-0.031,0.017
vpd_max_min_lag13w,0.764,0.666,0.708,0.18,0.741,0.712,0.777,0.769,0.715,0.559,0.706,0.655,0.729,0.665,0.777,-0.927,-0.031,0.649,0.004,0.014
vpd_max_min_lag14w,0.768,0.663,0.712,0.156,0.741,0.71,0.772,0.775,0.706,0.533,0.697,0.642,0.735,0.659,0.783,-0.613,-0.07,0.644,0.03,0.015
vpd_max_min_lag15w,0.761,0.674,0.707,0.151,0.745,0.706,0.762,0.77,0.715,0.556,0.703,0.641,0.739,0.659,0.785,-0.762,-0.031,0.647,-0.011,0.018
vpd_max_stdDev,0.758,0.671,0.702,0.146,0.732,0.716,0.772,0.766,0.712,0.543,0.699,0.637,0.738,0.652,0.775,-0.921,-0.038,0.635,-0.024,0.018
vpd_max_stdDev_lag1w,0.759,0.674,0.697,0.154,0.738,0.712,0.767,0.764,0.714,0.539,0.69,0.642,0.741,0.656,0.776,-0.842,-0.052,0.645,-0.015,0.022
vpd_max_stdDev_lag2w,0.76,0.671,0.703,0.145,0.734,0.707,0.775,0.77,0.704,0.538,0.694,0.64,0.732,0.656,0.784,-0.738,-0.049,0.637,-0.003,0.022
vpd_max_stdDev_lag3w,0.757,0.664,0.702,0.147,0.727,0.713,0.769,0.774,0.705,0.535,0.699,0.643,0.724,0.664,0.78,-0.795,-0.049,0.647,-0.037,0.015
vpd_max_stdDev_lag4w,0.764,0.672,0.706,0.15,0.745,0.714,0.771,0.77,0.709,0.539,0.7,0.641,0.74,0.658,0.786,-0.964,-0.021,0.645,-0.037,0.01
vpd_max_stdDev_lag5w,0.76,0.672,0.712,0.159,0.748,0.748,0.776,0.776,0.717,0.549,0.712,0.635,0.735,0.691,0.785,-0.664,-0.028,0.663,-0.025,0.022
vpd_max_stdDev_lag6w,0.758,0.671,0.684,0.148,0.723,0.72,0.77,0.766,0.69,0.54,0.695,0.637,0.722,0.656,0.782,-0.85,0.007,0.644,-0.004,-0.033
vpd_max_stdDev_lag7w,0.762,0.729,0.724,0.16,0.777,0.723,0.784,0.788,0.731,0.552,0.724,0.655,0.744,0.676,0.779,-0.939,-0.114,0.676,-0.005,0.032
vpd_max_stdDev_lag8w,0.753,0.704,0.665,0.162,0.685,0.682,0.763,0.756,0.67,0.564,0.668,0.651,0.69,0.646,0.772,-0.76,0.021,0.634,0.001,0.034
vpd_max_stdDev_lag9w,0.768,0.673,0.681,0.2,0.679,0.689,0.763,0.765,0.716,0.532,0.717,0.645,0.729,0.669,0.78,-0.737,0.03,0.681,-0.003,0.022
vpd_max_stdDev_lag10w,0.766,0.689,0.703,0.166,0.74,0.716,0.773,0.773,0.696,0.55,0.693,0.632,0.727,0.646,0.78,-0.639,0.139,0.628,0.02,-0.011
vpd_max_stdDev_lag11w,0.773,0.67,0.664,0.143,0.709,0.699,0.773,0.769,0.7,0.545,0.703,0.643,0.729,0.648,0.781,-0.707,-0.053,0.627,-0.031,0.01
vpd_max_stdDev_lag12w,0.77,0.694,0.661,0.166,0.727,0.702,0.764,0.765,0.702,0.574,0.709,0.648,0.728,0.658,0.784,-0.855,0.167,0.645,-0.032,0.006
vpd_max_stdDev_lag13w,0.773,0.681,0.72,0.156,0.737,0.724,0.772,0.768,0.718,0.518,0.707,0.646,0.734,0.677,0.786,-0.822,0.007,0.674,-0.011,0.015
vpd_max_stdDev_lag14w,0.763,0.69,0.711,0.151,0.754,0.736,0.77,0.775,0.724,0.343,0.73,0.637,0.752,0.683,0.788,-0.764,-0.068,0.682,0.004,0.015
vpd_max_stdDev_lag15w,0.765,0.681,0.708,0.147,0.742,0.692,0.759,0.759,0.715,0.502,0.707,0.639,0.731,0.667,0.787,-0.765,-0.041,0.658,-0.027,0.012
vpd_min_max,0.758,0.671,0.702,0.146,0.732,0.716,0.772,0.766,0.712,0.543,0.699,0.637,0.738,0.652,0.775,-0.921,-0.038,0.635,-0.024,0.018
vpd_min_max_lag1w,0.761,0.679,0.696,0.152,0.736,0.711,0.768,0.764,0.707,0.523,0.698,0.638,0.741,0.658,0.779,-0.82,-0.073,0.638,-0.002,0.013
vpd_min_max_lag2w,0.764,0.658,0.702,0.151,0.744,0.702,0.768,0.769,0.695,0.551,0.698,0.647,0.725,0.658,0.782,-0.841,-0.016,0.642,-0.006,0.013
vpd_min_max_lag3w,0.756,0.666,0.714,0.154,0.733,0.73,0.766,0.769,0.712,0.529,0.702,0.64,0.728,0.671,0.791,-0.832,-0.048,0.666,-0.029,0.015
vpd_min_max_lag4w,0.759,0.716,0.716,0.156,0.739,0.72,0.775,0.778,0.728,0.551,0.705,0.651,0.732,0.68,0.79,-0.951,0.019,0.653,-0.006,0.02
vpd_min_max_lag5w,0.768,0.734,0.722,0.177,0.717,0.727,0.772,0.766,0.699,0.548,0.711,0.641,0.753,0.675,0.789,-0.583,-0.007,0.654,-0.0,0.022
vpd_min_max_lag6w,0.75,0.682,0.734,0.165,0.728,0.721,0.783,0.755,0.714,0.538,0.727,0.641,0.718,0.685,0.785,-0.919,0.024,0.68,-0.014,0.034
vpd_min_max_lag7w,0.755,0.726,0.697,0.186,0.758,0.767,0.794,0.775,0.748,0.577,0.743,0.648,0.756,0.721,0.771,-0.89,0.007,0.703,-0.063,0.02
vpd_min_max_lag8w,0.754,0.783,0.633,0.179,0.668,0.728,0.783,0.765,0.707,0.576,0.713,0.637,0.743,0.679,0.77,-0.755,0.141,0.684,0.016,0.025
vpd_min_max_lag9w,0.76,0.726,0.636,0.233,0.585,0.653,0.711,0.669,0.628,0.578,0.623,0.636,0.733,0.553,0.777,-1.025,0.048,0.514,-0.016,0.019
vpd_min_max_lag10w,0.764,0.673,0.656,0.193,0.676,0.723,0.779,0.77,0.685,0.542,0.682,0.641,0.724,0.649,0.783,-0.814,0.063,0.626,0.025,0.005
vpd_min_max_lag11w,0.78,0.701,0.625,0.174,0.676,0.673,0.785,0.787,0.696,0.547,0.692,0.647,0.73,0.64,0.786,-1.005,-0.052,0.627,0.015,0.002
vpd_min_max_lag12w,0.759,0.699,0.701,0.188,0.743,0.721,0.768,0.768,0.721,0.603,0.724,0.651,0.737,0.678,0.783,-0.668,0.062,0.667,-0.015,0.025
vpd_min_max_lag13w,0.767,0.699,0.714,0.157,0.732,0.724,0.77,0.767,0.719,0.52,0.707,0.645,0.738,0.671,0.784,-0.749,-0.041,0.661,-0.057,0.018
vpd_min_max_lag14w,0.768,0.67,0.736,0.165,0.753,0.731,0.777,0.786,0.725,0.518,0.729,0.636,0.756,0.694,0.793,-0.565,-0.113,0.675,0.024,0.011
vpd_min_max_lag15w,0.763,0.673,0.71,0.153,0.745,0.713,0.77,0.756,0.715,0.55,0.716,0.642,0.73,0.667,0.786,-0.76,0.015,0.655,0.016,0.016
vpd_min_mean,0.758,0.671,0.702,0.146,0.732,0.716,0.772,0.766,0.712,0.543,0.699,0.637,0.738,0.652,0.775,-0.921,-0.038,0.635,-0.024,0.018
vpd_min_mean_lag1w,0.767,0.679,0.698,0.149,0.729,0.714,0.771,0.766,0.705,0.503,0.696,0.636,0.737,0.655,0.779,-0.914,-0.095,0.637,-0.016,0.012
vpd_min_mean_lag2w,0.767,0.666,0.699,0.151,0.739,0.693,0.769,0.769,0.709,0.535,0.689,0.638,0.73,0.654,0.781,-0.851,-0.009,0.635,0.008,0.018
vpd_min_mean_lag3w,0.759,0.665,0.71,0.169,0.734,0.73,0.775,0.773,0.712,0.538,0.704,0.638,0.74,0.682,0.797,-0.905,-0.024,0.669,-0.068,0.015
vpd_min_mean_lag4w,0.757,0.668,0.722,0.167,0.735,0.712,0.777,0.769,0.704,0.541,0.707,0.64,0.711,0.673,0.786,-0.817,-0.012,0.638,0.0,0.005
vpd_min_mean_lag5w,0.756,0.747,0.711,0.158,0.737,0.723,0.794,0.78,0.68,0.552,0.716,0.631,0.752,0.704,0.791,-0.766,-0.041,0.673,0.021,0.013
vpd_min_mean_lag6w,0.756,0.607,0.728,0.175,0.719,0.714,0.79,0.754,0.711,0.544,0.726,0.633,0.727,0.682,0.784,-0.973,-0.09,0.68,-0.002,0.04
vpd_min_mean_lag7w,0.768,0.731,0.709,0.167,0.768,0.766,0.804,0.781,0.751,0.59,0.761,0.639,0.773,0.74,0.793,-0.802,0.062,0.716,-0.006,0.016
vpd_min_mean_lag8w,0.761,0.792,0.656,0.182,0.715,0.756,0.787,0.792,0.741,0.539,0.731,0.634,0.745,0.733,0.757,-0.792,-0.038,0.714,0.039,0.042
vpd_min_mean_lag9w,0.761,0.726,0.7,0.21,0.693,0.74,0.77,0.734,0.683,0.577,0.683,0.641,0.732,0.664,0.782,-1.064,0.038,0.622,-0.008,0.021
vpd_min_mean_lag10w,0.772,0.731,0.761,0.191,0.739,0.743,0.79,0.79,0.724,0.562,0.709,0.649,0.719,0.688,0.787,-0.699,-0.015,0.662,0.059,0.021
vpd_min_mean_lag11w,0.766,0.704,0.704,0.179,0.734,0.725,0.774,0.771,0.719,0.577,0.71,0.65,0.723,0.678,0.784,-0.896,-0.074,0.668,0.023,-0.004
vpd_min_mean_lag12w,0.765,0.7,0.739,0.191,0.736,0.721,0.775,0.77,0.708,0.553,0.707,0.643,0.734,0.668,0.78,-0.781,-0.031,0.674,-0.003,0.022
vpd_min_mean_lag13w,0.771,0.694,0.717,0.17,0.735,0.705,0.774,0.776,0.703,0.532,0.711,0.647,0.731,0.655,0.779,-0.895,-0.072,0.649,-0.026,0.014
vpd_min_mean_lag14w,0.758,0.687,0.724,0.156,0.758,0.721,0.775,0.781,0.705,0.562,0.713,0.629,0.748,0.66,0.787,-0.691,-0.055,0.67,0.047,0.013
vpd_min_mean_lag15w,0.765,0.681,0.712,0.148,0.749,0.719,0.763,0.757,0.71,0.554,0.718,0.63,0.742,0.673,0.79,-0.817,0.047,0.659,0.023,0.005
vpd_min_min,0.758,0.671,0.702,0.146,0.732,0.716,0.772,0.766,0.712,0.543,0.699,0.637,0.738,0.652,0.775,-0.921,-0.038,0.635,-0.024,0.018
vpd_min_min_lag1w,0.77,0.67,0.701,0.133,0.728,0.719,0.777,0.774,0.711,0.426,0.695,0.642,0.737,0.665,0.779,-0.853,-0.034,0.64,-0.025,0.003
vpd_min_min_lag2w,0.761,0.675,0.698,0.15,0.741,0.709,0.768,0.776,0.715,0.535,0.706,0.641,0.72,0.653,0.784,-0.904,-0.011,0.649,0.009,0.092
vpd_min_min_lag3w,0.758,0.686,0.706,0.152,0.74,0.724,0.767,0.757,0.7,0.545,0.708,0.64,0.734,0.688,0.789,-0.874,-0.038,0.657,-0.039,0.05
vpd_min_min_lag4w,0.762,0.677,0.71,0.163,0.726,0.746,0.78,0.774,0.725,0.544,0.714,0.633,0.739,0.714,0.783,-0.742,-0.013,0.666,-0.042,0.015
vpd_min_min_lag5w,0.752,0.733,0.691,0.152,0.729,0.698,0.777,0.793,0.704,0.55,0.737,0.638,0.77,0.719,0.778,-0.702,-0.06,0.685,0.002,0.027
vpd_min_min_lag6w,0.765,0.654,0.763,0.174,0.756,0.768,0.784,0.786,0.769,0.552,0.758,0.641,0.749,0.721,0.78,-0.749,-0.149,0.716,-0.021,0.024
vpd_min_min_lag7w,0.758,0.59,0.662,0.162,0.677,0.677,0.779,0.732,0.686,0.565,0.704,0.643,0.719,0.651,0.78,-0.806,0.065,0.648,-0.067,0.021
vpd_min_min_lag8w,0.764,0.758,0.681,0.156,0.694,0.719,0.771,0.764,0.72,0.556,0.732,0.637,0.728,0.675,0.776,-0.719,0.016,0.675,-0.054,0.013
vpd_min_min_lag9w,0.76,0.725,0.701,0.196,0.718,0.718,0.785,0.774,0.705,0.593,0.715,0.632,0.73,0.663,0.774,-1.087,-0.048,0.643,-0.037,0.027
vpd_min_min_lag10w,0.763,0.702,0.729,0.171,0.761,0.747,0.776,0.781,0.73,0.606,0.725,0.639,0.745,0.694,0.782,-0.83,-0.039,0.682,-0.019,0.024
vpd_min_min_lag11w,0.76,0.712,0.727,0.157,0.744,0.727,0.776,0.768,0.732,0.56,0.715,0.639,0.743,0.678,0.788,-0.833,-0.07,0.659,0.0,-0.023
vpd_min_min_lag12w,0.759,0.674,0.709,0.167,0.747,0.721,0.769,0.764,0.707,0.546,0.707,0.639,0.738,0.665,0.784,-0.702,-0.031,0.644,-0.041,0.016
vpd_min_min_lag13w,0.764,0.671,0.709,0.179,0.739,0.711,0.776,0.767,0.719,0.558,0.706,0.654,0.733,0.663,0.777,-0.944,-0.02,0.648,0.002,0.015
vpd_min_min_lag14w,0.768,0.661,0.711,0.158,0.741,0.711,0.774,0.776,0.703,0.535,0.698,0.64,0.734,0.659,0.784,-0.661,-0.073,0.644,0.032,0.016
vpd_min_min_lag15w,0.76,0.673,0.71,0.146,0.747,0.707,0.763,0.77,0.712,0.555,0.703,0.645,0.74,0.66,0.783,-0.744,-0.025,0.645,-0.006,0.018
vpd_min_stdDev,0.758,0.671,0.702,0.146,0.732,0.716,0.772,0.766,0.712,0.543,0.699,0.637,0.738,0.652,0.775,-0.921,-0.038,0.635,-0.024,0.018
vpd_min_stdDev_lag1w,0.759,0.677,0.7,0.151,0.738,0.713,0.765,0.767,0.716,0.537,0.689,0.638,0.739,0.657,0.777,-0.826,-0.041,0.644,-0.014,0.023
vpd_min_stdDev_lag2w,0.76,0.672,0.705,0.147,0.733,0.706,0.774,0.769,0.707,0.543,0.695,0.64,0.731,0.657,0.784,-0.728,-0.046,0.637,-0.005,0.02
vpd_min_stdDev_lag3w,0.758,0.66,0.702,0.148,0.73,0.712,0.77,0.774,0.704,0.541,0.698,0.643,0.724,0.666,0.779,-0.774,-0.037,0.644,-0.044,0.013
vpd_min_stdDev_lag4w,0.765,0.672,0.706,0.152,0.746,0.712,0.771,0.771,0.709,0.548,0.698,0.639,0.737,0.658,0.786,-0.953,-0.033,0.644,-0.041,0.009
vpd_min_stdDev_lag5w,0.76,0.675,0.712,0.159,0.748,0.746,0.778,0.777,0.715,0.557,0.712,0.633,0.734,0.691,0.786,-0.716,-0.006,0.667,-0.036,0.022
vpd_min_stdDev_lag6w,0.76,0.671,0.685,0.146,0.718,0.72,0.773,0.764,0.692,0.545,0.697,0.636,0.72,0.659,0.781,-0.907,-0.008,0.641,-0.009,-0.037
vpd_min_stdDev_lag7w,0.759,0.725,0.724,0.158,0.776,0.724,0.784,0.789,0.731,0.551,0.721,0.654,0.743,0.675,0.779,-0.964,-0.117,0.674,-0.001,0.032
vpd_min_stdDev_lag8w,0.753,0.704,0.665,0.166,0.685,0.683,0.761,0.756,0.671,0.572,0.667,0.65,0.694,0.647,0.773,-0.766,0.025,0.635,-0.0,0.031
vpd_min_stdDev_lag9w,0.766,0.676,0.683,0.195,0.678,0.688,0.766,0.762,0.717,0.531,0.717,0.644,0.73,0.672,0.78,-0.726,0.009,0.68,-0.009,0.021
vpd_min_stdDev_lag10w,0.768,0.685,0.703,0.17,0.74,0.715,0.774,0.776,0.696,0.553,0.694,0.631,0.727,0.645,0.78,-0.598,0.149,0.631,0.008,-0.013
vpd_min_stdDev_lag11w,0.774,0.671,0.664,0.141,0.709,0.7,0.774,0.77,0.701,0.537,0.704,0.643,0.728,0.649,0.781,-0.702,-0.055,0.624,-0.03,0.012
vpd_min_stdDev_lag12w,0.77,0.696,0.661,0.17,0.727,0.701,0.764,0.765,0.702,0.566,0.708,0.652,0.727,0.658,0.785,-0.882,0.181,0.648,-0.035,0.005
vpd_min_stdDev_lag13w,0.773,0.681,0.719,0.158,0.737,0.722,0.773,0.765,0.715,0.515,0.705,0.646,0.738,0.678,0.784,-0.828,0.005,0.672,-0.018,0.014
vpd_min_stdDev_lag14w,0.762,0.691,0.713,0.15,0.755,0.735,0.771,0.775,0.724,0.348,0.731,0.635,0.752,0.686,0.79,-0.817,-0.044,0.681,0.004,0.013
vpd_min_stdDev_lag15w,0.766,0.674,0.707,0.148,0.739,0.693,0.758,0.76,0.717,0.496,0.71,0.641,0.734,0.663,0.786,-0.765,-0.02,0.659,-0.026,0.015
scf,0.758,0.671,0.702,0.146,0.732,0.716,0.772,0.766,0.712,0.543,0.699,0.637,0.738,0.652,0.775,-0.921,-0.038,0.635,-0.024,0.018
scf_lag1w,0.763,0.689,0.666,0.134,0.669,0.682,0.723,0.695,0.665,0.556,0.66,0.667,0.718,0.644,0.773,-0.725,0.054,0.621,-0.009,0.037
scf_lag2w,0.727,0.553,0.65,0.133,0.645,0.71,0.693,0.676,0.695,0.641,0.688,0.619,0.729,0.652,0.735,-0.706,0.088,0.66,-0.434,0.005
scf_lag3w,0.716,0.505,0.647,0.154,0.65,0.701,0.72,0.711,0.68,0.598,0.694,0.597,0.694,0.633,0.748,-0.342,0.099,0.641,-0.099,0.042
scf_lag4w,0.709,0.509,0.625,0.152,0.606,0.638,0.701,0.675,0.633,0.608,0.659,0.601,0.67,0.598,0.719,0.074,0.123,0.605,-0.408,0.051
scf_lag5w,0.712,0.649,0.58,0.134,0.61,0.613,0.671,0.653,0.596,0.531,0.587,0.638,0.639,0.544,0.721,0.059,0.135,0.522,-0.339,-0.002
scf_lag6w,0.665,0.574,0.535,0.149,0.549,0.489,0.573,0.554,0.503,0.507,0.51,0.641,0.562,0.446,0.694,-0.219,0.21,0.445,-0.356,-0.011
scf_lag7w,0.66,0.508,0.552,0.129,0.501,0.589,0.607,0.582,0.524,0.526,0.504,0.618,0.584,0.534,0.699,-0.312,0.167,0.5,-0.428,0.003
scf_lag8w,0.681,0.643,0.628,0.214,0.613,0.558,0.662,0.613,0.514,0.507,0.544,0.597,0.593,0.526,0.695,0.04,0.208,0.472,-0.513,0.078
scf_lag9w,0.706,0.621,0.612,0.211,0.613,0.565,0.639,0.622,0.492,0.513,0.523,0.623,0.602,0.521,0.675,-0.567,0.154,0.471,0.051,0.058
scf_lag10w,0.677,0.637,0.641,0.206,0.61,0.667,0.653,0.631,0.584,0.485,0.614,0.616,0.686,0.612,0.731,-1.452,-0.042,0.576,-0.006,0.056
scf_lag11w,0.66,0.675,0.647,0.199,0.633,0.689,0.684,0.651,0.625,0.445,0.591,0.578,0.677,0.616,0.715,-0.823,-0.029,0.582,-0.299,-0.423
scf_lag12w,0.653,0.655,0.645,0.184,0.585,0.66,0.653,0.612,0.63,0.498,0.587,0.582,0.678,0.584,0.711,-0.864,0.26,0.544,-0.18,0.108
scf_lag13w,0.668,0.655,0.671,0.177,0.657,0.67,0.684,0.651,0.644,0.456,0.617,0.588,0.685,0.62,0.705,-1.501,-0.309,0.571,-0.375,0.243
scf_lag14w,0.65,0.662,0.603,0.181,0.568,0.62,0.594,0.545,0.574,0.332,0.537,0.587,0.63,0.516,0.691,-0.846,-0.265,0.489,-0.286,-0.278
scf_lag15w,0.643,0.614,0.548,0.166,0.509,0.59,0.557,0.505,0.584,0.397,0.499,0.583,0.614,0.5,0.684,-0.926,0.103,0.459,-0.224,0.119
