SITE_NO,FID,FID_SITES,AGENCY_CD,SITE_NO,STATION_NM,STATE_CD,STATE,SITESTATUS,DA_SQ_MILE,LON_SITE,LAT_SITE,LON_NHD,LAT_NHD,NHD2GAGE_D,REVIEWED,BFIYRS,BFI_AVE,BFI_STDEV,GOTBFI,DAY1,DAYN,NDAYS,NDAYSGT0,MIN_,P1,P5,P10,P20,P25,P30,P40,P50,P60,P70,P75,P80,P90,P95,P99,MAX_,AVE,STDEV,GOTQ,NWISWEB,HUC,HUC_REG,SUBREGIONS,ACCOUNTING,startDT
06006000,10162,19851,USGS,6006000,Red Rock Cr ab Lakes nr Lakeview MT,30,MT,A,39.2,-111.6566303,44.61686306,-111.65674591,44.61703491,21.217,Y,4,0.82,0.038,1,19970701,20040930.0,1598,1598,12.0,15.0,17.0,18.0,22.0,23.0,24.0,27.0,33.0,38.0,46.0,53.0,60.0,89.0,129.0,200.03,270.0,45.257,37.266,1,http://waterdata.usgs.gov/nwis/nwisman/?site_no=06006000,10020001,10,1002,100200,1997-07-01
06012500,10168,19901,USGS,6012500,Red Rock R bl Lima Reservoir nr Monida MT,30,MT,A,570.0,-112.3713889,44.656023299999994,-112.37122345,44.65588379,20.319000000000003,Y,68,0.777,0.111,1,19110101,20040930.0,24843,23752,0.0,0.0,0.992,8.0,17.0,21.0,23.0,30.0,56.0,142.0,246.0,277.0,321.0,455.0,561.8,745.12,2500.0,165.553,195.708,1,http://waterdata.usgs.gov/nwis/nwisman/?site_no=06012500,10020001,10,1002,100200,1911-01-01
06016000,10178,20331,USGS,6016000,Beaverhead River at Barretts MT,30,MT,A,2737.0,-112.75057920000002,45.11631,-112.75049591,45.11614227,19.775,Y,90,0.865,0.053,1,19071001,20040930.0,33234,33234,64.0,98.0,135.0,172.0,226.0,250.0,271.0,308.0,349.0,402.0,473.0,530.0,607.0,848.5,1050.0,1590.0,3640.0,442.44199999999995,312.404,1,http://waterdata.usgs.gov/nwis/nwisman/?site_no=06016000,10020002,10,1002,100200,1907-10-01
06017000,10179,20410,USGS,6017000,Beaverhead River at Dillon MT,30,MT,A,2895.0,-112.65502099999999,45.21825528,-112.65537262,45.21840668,32.329,Y,11,0.8029999999999999,0.037000000000000005,1,19501000,20040930.0,4297,4297,18.0,54.98,86.0,104.0,141.0,165.0,192.0,247.0,306.0,374.0,417.0,444.0,475.4,591.0,700.0,1110.0,1700.0,333.899,212.672,1,http://waterdata.usgs.gov/nwis/nwisman/?site_no=06017000,10020002,10,1002,100200,1950-10-00
06018500,10182,20559,USGS,6018500,Beaverhead River near Twin Bridges MT,30,MT,A,3619.0,-112.45278640000001,45.3835347,-112.45283508,45.38339615,15.868,Y,68,0.8240000000000001,0.063,1,19350820,20030930.0,24878,24878,7.0,24.0,59.0,97.0,172.0,210.0,243.0,317.0,385.0,446.0,501.0,535.0,580.0,719.0,864.0,1280.0,3130.0,404.715,263.2,1,http://waterdata.usgs.gov/nwis/nwisman/?site_no=06018500,10020002,10,1002,100200,1935-08-20
06019500,10184,20399,USGS,6019500,Ruby River ab Reservoir nr Alder MT,30,MT,A,538.0,-112.14248642,45.19242228,-112.14281464,45.19232178,28.090999999999998,Y,66,0.825,0.053,1,19380501,20040930.0,24260,24260,35.0,70.0,83.0,90.0,97.0,100.0,105.0,111.0,119.0,130.0,149.0,165.0,196.0,351.0,537.0,926.0,2940.0,179.47,169.19399999999996,1,http://waterdata.usgs.gov/nwis/nwisman/?site_no=06019500,10020003,10,1002,100200,1938-05-01
06020600,10186,20431,USGS,6020600,Ruby River bl Reservoir nr Alder MT,30,MT,A,596.0,-112.11081954,45.24214576,-112.11127472,45.24191666,43.87,Y,40,0.804,0.053,1,19621130,20030930.0,14915,14915,15.0,21.0,27.0,31.0,40.0,46.0,51.8,69.0,109.0,197.0,282.0,320.0,353.0,449.0,618.2,1040.0,2500.0,205.78900000000002,219.644,1,http://waterdata.usgs.gov/nwis/nwisman/?site_no=06020600,10020003,10,1002,100200,1962-11-30
06026210,10198,20613,USGS,6026210,Big Hole River near Glen MT,30,MT,A,2655.0,-112.5564033,45.44048028,-112.55609894,45.44012451,46.161,Y,4,0.725,0.07400000000000001,1,19970911,20040930.0,1518,1518,122.0,131.19,198.0,238.9,312.8,348.75,386.0,498.0,633.0,896.7999999999997,1230.0,1410.0,1640.0,2751.0,3930.0,6251.5,10000.0,1132.7600000000002,1257.8270000000002,1,http://waterdata.usgs.gov/nwis/nwisman/?site_no=06026210,10020004,10,1002,100200,1997-09-11
06025500,10200,20695,USGS,6025500,Big Hole River near Melrose MT,30,MT,A,2476.0,-112.7016903,45.526593299999995,-112.70172882,45.526577,3.513,Y,81,0.726,0.066,1,19231001,20040930.0,29586,29586,49.0,140.0,214.0,255.0,309.0,330.0,354.0,406.0,471.0,580.0,814.0,1030.0,1400.0,2970.0,4560.0,7961.3,13800.0,1109.108,1569.025,1,http://waterdata.usgs.gov/nwis/nwisman/?site_no=06025500,10020004,10,1002,100200,1923-10-01
06024450,10204,20769,USGS,6024450,Big Hole River bl Big Lake Cr at Wisdom MT,30,MT,A,575.0,-113.4578372,45.61853417,-113.45690155,45.61804962,90.705,Y,9,0.528,0.066,1,19880500,20040930.0,3534,3510,0.0,0.94,9.7,17.0,27.0,34.0,42.0,57.0,84.0,137.0,243.5,300.0,365.0,656.0,1010.0,2010.0,3830.0,246.84400000000002,395.227,1,http://waterdata.usgs.gov/nwis/nwisman/?site_no=06024450,10020004,10,1002,100200,1988-05-00
06025250,10207,20829,USGS,6025250,Big Hole River at Maiden Rock nr Divide MT,30,MT,A,-999999.0,-112.73530530000001,45.701315,-112.73596954,45.70127869,51.916000000000004,Y,3,0.7440000000000001,0.086,1,19971001,20020930.0,1175,1175,173.0,188.0,216.0,250.6,290.0,304.0,328.8,397.0,528.0,784.7999999999997,1120.0,1360.0,1628.0,2926.0,3972.0,5542.8,6850.0,1084.578,1210.157,1,http://waterdata.usgs.gov/nwis/nwisman/?site_no=06025250,10020004,10,1002,100200,1997-10-01
06024540,10211,20910,USGS,6024540,Big Hole River bl Mudd Cr nr Wisdom MT,30,MT,A,1267.0,-113.3133878,45.80742389,-113.31327057,45.80754089,15.875,Y,4,0.635,0.039,1,19971001,20040930.0,1467,1467,38.0,46.0,64.0,82.0,110.0,125.0,145.0,184.0,278.0,481.6,641.6,778.0,927.0,1482.0,2172.0,3599.6,4810.0,591.299,726.2369999999999,1,http://waterdata.usgs.gov/nwis/nwisman/?site_no=06024540,10020004,10,1002,100200,1997-10-01
06026500,10213,20765,USGS,6026500,Jefferson River near Twin Bridges MT,30,MT,A,7632.0,-112.3300019,45.613815,-112.329422,45.61337662,66.48100000000001,Y,28,0.8009999999999999,0.05,1,19400800,20040930.0,10451,10451,165.0,264.52,455.0,650.0,850.0,944.0,1020.0,1150.0,1290.0,1460.0,1720.0,1880.0,2170.0,4078.0,6030.0,9690.0,14900.0,1891.256,1858.6779999999999,1,http://waterdata.usgs.gov/nwis/nwisman/?site_no=06026500,10020005,10,1002,100200,1940-08-00
06035000,10219,20840,USGS,6035000,Willow Creek near Harrison MT,30,MT,A,83.79999999999998,-111.7410894,45.72298389,-111.74102020000001,45.72304535,8.698,Y,56,0.6679999999999999,0.083,1,19380501,20040731.000000004,20693,20693,0.59,2.2,3.87,5.9,11.0,15.0,18.0,25.0,30.0,35.0,42.0,47.0,54.0,87.0,139.0,259.0,591.0,41.845,48.351000000000006,1,http://waterdata.usgs.gov/nwis/nwisman/?site_no=06035000,10020005,10,1002,100200,1938-05-01
06036650,10225,20985,USGS,6036650,Jefferson River near Three Forks MT,30,MT,A,9532.0,-111.5966389,45.8977058,-111.59571838,45.89715958,93.76899999999999,Y,26,0.787,0.055,1,19781001,20040930.0,9497,9497,44.0,145.98,334.9,593.0,853.6,950.0,1030.0,1240.0,1430.0,1660.0,1940.0,2130.0,2400.0,3740.0,5741.0,10500.0,16800.0,1950.618,1898.175,1,http://waterdata.usgs.gov/nwis/nwisman/?site_no=06036650,10020005,10,1002,100200,1978-10-01
06033000,10229,21240,USGS,6033000,Boulder River near Boulder MT,30,MT,A,381.0,-112.09166499999999,46.21103889,-112.09165955,46.2110405,0.45799999999999996,Y,62,0.591,0.113,1,19290500,20040930.0,22740,22736,0.0,6.3,11.0,15.0,21.0,24.0,26.0,31.0,36.0,44.0,67.0,93.75,145.0,335.0,536.0,1030.0,2400.0,116.309,204.58700000000002,1,http://waterdata.usgs.gov/nwis/nwisman/?site_no=06033000,10020006,10,1002,100200,1929-05-00
06036905,10238,19857,USGS,6036905,Firehole River near West Yellowstone MT,56,WY,A,282.0,-110.86299,44.62021,-110.86341858,44.62006378,37.643,Y,13,0.937,0.021,1,19831001,20030930.0,4931,4931,201.0,213.0,224.0,233.0,245.0,249.0,252.0,262.0,279.0,294.0,311.0,322.0,337.0,418.8,513.0,739.36,1240.0,307.663,103.775,1,http://waterdata.usgs.gov/nwis/nwisman/?site_no=06036905,10020007,10,1002,100200,1983-10-01
06037100,10239,19883,USGS,6037100,"Gibbon River at Madison Jct, YNP",56,WY,A,-999999.0,-110.8610456,44.64048778,-110.8610611,44.64081573,36.544000000000004,Y,2,0.9059999999999999,0.022000000000000002,1,20010323,20040930.0,923,923,75.0,79.0,81.0,84.0,87.0,88.0,90.0,93.0,96.0,102.0,116.0,128.0,141.2,190.0,233.8,441.0,584.0,121.40700000000001,63.431999999999995,1,http://waterdata.usgs.gov/nwis/nwisman/?site_no=06037100,10020007,10,1002,100200,2001-03-23
06037500,10241,19903,USGS,6037500,Madison River near West Yellowstone MT,30,MT,A,420.0,-111.0682742,44.6568722,-111.06795502,44.6571312,38.342,Y,77,0.9229999999999999,0.025,1,19130701,20030930.0,28187,28187,245.0,291.0,320.0,340.0,370.0,379.0,391.0,411.0,433.0,458.0,495.0,522.0,564.0,744.2,957.0,1410.0,2750.0,499.717,220.00099999999998,1,http://waterdata.usgs.gov/nwis/nwisman/?site_no=06037500,10020007,10,1002,100200,1913-07-01
06036940,10243,20022,USGS,6036940,"Tantalus Creek at Norris Junction, YNP",56,WY,A,-999999.0,-110.71298694,44.782435,-110.68814087,44.77870178,2006.3670000000002,N,0,0.0,0.0,0,20040700,20040930.0,92,92,3.2,0.0,3.365,3.4,3.5,3.6,3.69,3.7,3.8,3.9,4.1,4.275,4.34,5.31,5.77,0.0,9.7,4.082,0.924,1,http://waterdata.usgs.gov/nwis/nwisman/?site_no=06036940,10020007,10,1002,100200,2004-07-00
06038500,10244,20102,USGS,6038500,Madison River bl Hebgen Lake nr Grayling MT,30,MT,A,905.0,-111.33828799999999,44.86659278,-111.33876801,44.86643219,41.879,Y,66,0.878,0.077,1,19381001,20040930.0,24107,24107,5.0,74.15999999999998,301.4,510.0,710.0,750.0,776.0,858.0,950.0,1050.0,1190.0,1260.0,1370.0,1730.0,1990.0,2560.0,4910.0,1045.768,507.965,1,http://waterdata.usgs.gov/nwis/nwisman/?site_no=06038500,10020007,10,1002,100200,1938-10-01
06038800,10246,20135,USGS,6038800,Madison River at Kirby Ranch nr Cameron MT,30,MT,A,1065.0,-111.58024280000001,44.88936889,-111.58088684,44.88877869,83.042,Y,18,0.898,0.07400000000000001,1,19590901,20040930.0,6769,6769,139.0,368.0,617.0,740.0,840.0,898.0,930.0,1020.0,1150.0,1260.0,1390.0,1505.0,1630.0,2120.0,2690.0,3880.0,5030.0,1309.851,668.318,1,http://waterdata.usgs.gov/nwis/nwisman/?site_no=06038800,10020007,10,1002,100200,1959-09-01
06040800,10251,20657,USGS,6040800,Madison River ab Powerplant nr McAllister MT,30,MT,A,2186.0,-111.6338604,45.48659466,-111.63385773,45.48659515,0.21600000000000003,Y,2,0.5,0.031,1,20020401,20040930.0,914,914,73.0,80.0,86.75,92.0,100.0,104.0,108.0,122.0,191.5,221.0,251.0,298.0,349.0,686.5,1137.5,2374.0,3540.0,307.12,411.621,1,http://waterdata.usgs.gov/nwis/nwisman/?site_no=06040800,10020007,10,1002,100200,2002-04-01
06041000,10252,20665,USGS,6041000,Madison River bl Ennis Lake nr Mcallister MT,30,MT,A,2186.0,-111.63413821,45.49020577,-111.63450623,45.490241999999995,29.048000000000002,Y,66,0.863,0.045,1,19381001,20040930.0,24107,24107,210.0,760.0,982.4,1100.0,1210.0,1270.0,1330.0,1460.0,1560.0,1660.0,1850.0,1970.0,2160.0,2690.0,3250.0,5060.0,9210.0,1762.599,804.97,1,http://waterdata.usgs.gov/nwis/nwisman/?site_no=06041000,10020007,10,1002,100200,1938-10-01
06043500,10257,20672,USGS,6043500,Gallatin River near Gallatin Gateway MT,30,MT,A,825.0,-111.2705108,45.4974286,-111.27070618,45.49737929999999,16.224,Y,74,0.784,0.075,1,18890801,20040930.0,27280,27280,153.0,214.0,244.0,267.0,300.0,317.0,335.0,378.0,430.0,501.0,622.0,744.0,977.0,2020.0,2970.0,4800.0,8970.0,807.7469999999997,952.686,1,http://waterdata.usgs.gov/nwis/nwisman/?site_no=06043500,10020008,10,1002,100200,1889-08-01
06048700,10276,20846,USGS,6048700,East Gallatin R bl Bridger C nr Bozeman MT,30,MT,A,-999999.0,-111.06967079999998,45.72493028,-111.0686264,45.72544479,99.421,Y,3,0.74,0.013999999999999999,1,20011001,20040930.0,1096,1096,15.0,18.0,21.0,26.0,31.0,32.0,33.0,35.0,38.0,44.0,67.9,87.0,103.0,190.3,298.0,412.33,834.0,77.70699999999998,89.93700000000001,1,http://waterdata.usgs.gov/nwis/nwisman/?site_no=06048700,10020008,10,1002,100200,2001-10-01
06052500,10297,20974,USGS,6052500,Gallatin River at Logan MT,30,MT,A,1795.0,-111.4382983,45.8852061,-111.43828583,45.88536072,17.195,Y,88,0.7979999999999999,0.067,1,18931001,20040930.0,32294,32294,130.0,210.0,334.0,415.0,550.0,590.0,618.0,688.0,750.0,833.0,940.0,1020.0,1170.0,2100.0,3240.0,5460.5,9840.0,1057.637,986.123,1,http://waterdata.usgs.gov/nwis/nwisman/?site_no=06052500,10020008,10,1002,100200,1893-10-01
06126050,10466,21325,USGS,6126050,Musselshell River near Lavina MT,30,MT,A,2970.0,-108.89265470000001,46.292736100000006,-108.89273071,46.29236984,41.04,Y,7,0.585,0.094,1,19920328,20040930.0,2842,2834,0.0,0.33,2.4,5.7,18.0,33.0,47.0,80.2,132.5,170.0,213.0,239.0,285.0,465.7,731.7,1735.7,5850.0,220.672,393.287,1,http://waterdata.usgs.gov/nwis/nwisman/?site_no=06126050,10040201,10,1004,100402,1992-03-28
06123030,10468,21345,USGS,6123030,Musselshell River ab Mud Cr nr Shawmut MT,30,MT,A,-999999.0,-109.4604561,46.3185686,-109.46057129,46.31897354,45.777,Y,3,0.424,0.153,1,19980601,20030930.0,1201,1201,0.18,0.792,1.3,2.1,4.2,5.4,8.2,14.0,22.0,38.2,54.0,67.0,78.59999999999998,129.8,196.9,416.88,661.0,51.373999999999995,78.926,1,http://waterdata.usgs.gov/nwis/nwisman/?site_no=06123030,10040201,10,1004,100402,1998-06-01
06120500,10477,21450,USGS,6120500,Musselshell River at Harlowton MT,30,MT,A,1125.0,-109.84073889999999,46.42995639,-109.84113312,46.42884827,126.54299999999999,Y,96,0.617,0.115,1,19070801,20040930.0,35065,34282,0.0,0.0,8.1,24.0,40.0,45.0,50.0,60.0,74.0,90.0,116.0,134.0,165.0,352.0,616.0,1303.4000000000005,6200.0,152.94299999999998,260.059,1,http://waterdata.usgs.gov/nwis/nwisman/?site_no=06120500,10040201,10,1004,100402,1907-08-01
06119600,10481,21493,USGS,6119600,"Musselshell River nr Martinsdale, MT",30,MT,A,-999999.0,-110.2490767,46.47689329999999,-110.24897003,46.47696304,11.28,Y,1,0.552,-999999.0,1,20030401,20040930.0,397,397,7.1,8.386000000000001,11.0,13.0,17.0,19.0,20.0,25.0,35.0,49.0,67.6,80.0,112.0,172.0,221.8,447.2,715.0,69.37100000000001,85.10599999999998,1,http://waterdata.usgs.gov/nwis/nwisman/?site_no=06119600,10040201,10,1004,100402,2003-04-01
06126500,10490,21449,USGS,6126500,Musselshell River near Roundup MT,30,MT,A,4023.0,-108.57263529999999,46.42801917,-108.57263184,46.42800522,1.569,Y,58,0.552,0.145,1,19460601,20040930.0,21307,21280,0.0,1.8,7.8,17.0,33.0,40.0,48.0,70.0,95.0,130.0,174.0,200.0,239.0,428.0,729.2,1900.0,8180.0,200.338,385.75,1,http://waterdata.usgs.gov/nwis/nwisman/?site_no=06126500,10040202,10,1004,100402,1946-06-01
06127500,10491,21542,USGS,6127500,Musselshell River at Musselshell MT,30,MT,A,4568.0,-108.1090022,46.523030799999994,-108.10890198,46.52244568,65.303,Y,51,0.537,0.14400000000000002,1,19280900,20040930.0,18775,18263,0.0,0.0,1.6,12.0,33.0,40.0,50.0,70.0,95.0,126.0,165.0,190.0,230.0,423.0,753.0,1840.0,8600.0,198.343,394.29900000000004,1,http://waterdata.usgs.gov/nwis/nwisman/?site_no=06127500,10040202,10,1004,100402,1928-09-00
06127060,10492,21581,USGS,6127060,Willow Cr at U.S. Canal nr Roundup MT,30,MT,A,-999999.0,-108.67903002,46.55468713,-108.67882877,46.55432645,42.861999999999995,Y,5,0.087,0.126,1,19950825,20040930.0,2010,283,0.0,0.0,0.0,0.0,0.0,0.0,0.0,0.0,0.0,0.0,0.0,0.0,0.0,0.7390000000000001,1.7,8.289,33.0,0.38,1.895,1,http://waterdata.usgs.gov/nwis/nwisman/?site_no=06127060,10040202,10,1004,100402,1995-08-25
06127020,10493,21620,USGS,6127020,Willow Cr ab LMGA Reservoir nr Roundup MT,30,MT,A,-999999.0,-108.69438361,46.59763778,-108.69374246,46.59778717,51.994,Y,5,0.163,0.205,1,19951000,20040930.0,1952,574,0.0,0.0,0.0,0.0,0.0,0.0,0.0,0.0,0.0,0.0,0.0,0.2,0.45,1.9,4.9,9.347000000000001,150.0,0.77,3.96,1,http://waterdata.usgs.gov/nwis/nwisman/?site_no=06127020,10040202,10,1004,100402,1995-10-00
06130500,10500,21938,USGS,6130500,Musselshell River at Mosby MT,30,MT,A,7846.0,-107.889,46.99471,-107.88911438,46.99471283,8.746,Y,73,0.409,0.151,1,19290500,20040930.0,26969,24175,0.0,0.0,0.0,0.0,12.0,25.0,35.0,55.0,80.0,110.0,157.0,195.0,250.0,558.0,1090.0,3223.0,15700.0,258.222,699.5319999999999,1,http://waterdata.usgs.gov/nwis/nwisman/?site_no=06130500,10040205,10,1004,100402,1929-05-00
06186500,10614,19800,USGS,6186500,Yellowstone River at Yellowstone Lk Outlet YNP,56,WY,A,991.0,-110.38075559999999,44.56744139,-110.38039398,44.56714249,43.928999999999995,Y,75,0.955,0.025,1,19261000,20040930.0,27396,27396,100.0,170.0,260.0,340.0,428.0,460.0,503.0,582.0,676.0,870.0,1280.0,1620.0,2110.0,3460.0,4500.0,6530.0,9930.0,1330.0920000000006,1426.4670000000006,1,http://waterdata.usgs.gov/nwis/nwisman/?site_no=06186500,10070001,10,1007,100700,1926-10-00
06187950,10616,20105,USGS,6187950,Soda Butte Cr nr Lamar Ranger Station YNP,56,WY,A,99.0,-110.1654686,44.8682733,-110.16576385,44.86862946,45.982,Y,15,0.698,0.057,1,19881001,20030930.0,5478,5478,12.0,15.0,18.0,21.0,25.0,26.0,27.0,32.0,42.0,55.0,87.0,121.0,196.0,482.1,693.0,1132.1,2070.0,148.077,243.02599999999998,1,http://waterdata.usgs.gov/nwis/nwisman/?site_no=06187950,10070001,10,1007,100700,1988-10-01
06188000,10619,20177,USGS,6188000,Lamar River nr Tower Falls Ranger Station YNP,56,WY,A,660.0,-110.39380987,44.92771567,-110.39425659,44.92821121,65.435,Y,62,0.642,0.102,1,19230500,20030930.0,22769,22769,45.0,70.0,85.0,90.0,110.0,115.0,120.0,150.0,186.0,252.0,420.0,638.0,1100.0,2980.0,4470.0,7630.0,15600.0,879.0889999999999,1614.704,1,http://waterdata.usgs.gov/nwis/nwisman/?site_no=06188000,10070001,10,1007,100700,1923-05-00
06190540,10624,20241,USGS,6190540,"Boiling River at Mammoth,YNP",56,WY,A,-999999.0,-110.68909860000001,44.98493556,-110.68838501,44.98497772,56.398,Y,9,0.9790000000000001,0.006999999999999999,1,19881001,20040930.0,3292,3292,19.0,21.0,22.0,23.0,24.0,25.0,25.0,26.0,27.0,27.0,28.0,28.0,29.0,30.0,31.0,33.07,36.0,26.572,2.8089999999999997,1,http://waterdata.usgs.gov/nwis/nwisman/?site_no=06190540,10070001,10,1007,100700,1988-10-01
06191000,10625,20250,USGS,6191000,Gardner River near Mammoth YNP,30,MT,A,202.0,-110.6913211,44.99243556,-110.69101715,44.99243164,23.941,Y,54,0.81,0.068,1,19381001,20040930.0,19907,19907,53.0,74.0,82.0,87.0,95.0,98.0,102.0,111.0,122.0,138.0,166.0,194.0,253.0,509.0,749.6,1230.0,1830.0,216.01,236.665,1,http://waterdata.usgs.gov/nwis/nwisman/?site_no=06191000,10070001,10,1007,100700,1938-10-01
06187915,10626,20261,USGS,6187915,Soda Butte Cr at Park Bndry at Silver Gate,30,MT,A,31.2,-110.00185139999999,45.002995,-110.00190735,45.00286102,15.546,Y,6,0.589,0.102,1,19981000,20040930.0,2192,2192,0.8,1.0,1.5,1.8,2.2,2.5,3.5,5.0,7.8,13.0,24.0,37.0,67.0,201.7,310.35,511.56,735.0,55.148,110.008,1,http://waterdata.usgs.gov/nwis/nwisman/?site_no=06187915,10070001,10,1007,100700,1998-10-00
06191500,10630,20328,USGS,6191500,Yellowstone River at Corwin Springs MT,30,MT,A,2619.0,-110.7943814,45.1118797,-110.79368591,45.11217117,63.566,Y,98,0.84,0.059000000000000004,1,18890801,20040930.0,35917,35917,380.0,520.0,657.0,760.0,900.0,960.0,1020.0,1160.0,1400.0,1850.0,2660.0,3470.0,4600.0,8450.0,11400.0,17800.0,32000.0,3103.8790000000004,3769.406,1,http://waterdata.usgs.gov/nwis/nwisman/?site_no=06191500,10070002,10,1007,100700,1889-08-01
06192500,10635,20751,USGS,6192500,Yellowstone River near Livingston MT,30,MT,A,3551.0,-110.56603940000001,45.59715806,-110.56652069,45.59723663,38.563,Y,79,0.836,0.053,1,18970500,20040930.0,29160,29160,540.0,850.0,1010.0,1130.0,1280.0,1350.0,1430.0,1620.0,1890.0,2320.0,3180.0,3960.0,5160.0,9800.0,13400.0,20100.0,36000.0,3745.975,4268.66,1,http://waterdata.usgs.gov/nwis/nwisman/?site_no=06192500,10070002,10,1007,100700,1897-05-00
06200000,10640,20932,USGS,6200000,Boulder River at Big Timber MT,30,MT,A,523.0,-109.93879779999999,45.8341061,-109.93872069999999,45.83386993,26.901999999999997,Y,56,0.605,0.092,1,19470401,20040930.0,20548,20548,12.0,39.0,80.0,100.0,120.0,129.0,137.0,156.0,180.0,218.0,298.0,393.0,609.0,1750.0,2765.5,4555.1,8540.0,565.332,951.159,1,http://waterdata.usgs.gov/nwis/nwisman/?site_no=06200000,10070002,10,1007,100700,1947-04-01
06195600,10647,20860,USGS,6195600,Shields River nr Livingston MT,30,MT,A,852.0,-110.4799253,45.7382686,-110.47954559,45.73844528,35.491,Y,26,0.695,0.065,1,19781001,20040930.0,9497,9497,20.0,36.0,58.0,70.0,85.0,91.0,99.0,113.0,135.0,163.0,207.0,254.5,329.0,670.0,1040.0,1870.0,4760.0,272.129,372.07,1,http://waterdata.usgs.gov/nwis/nwisman/?site_no=06195600,10070003,10,1007,100700,1978-10-01
06214500,10654,20903,USGS,6214500,Yellowstone River at Billings MT,30,MT,A,11805.0,-108.4673564,45.79995278,-108.46803284,45.80016327,57.589,Y,77,0.7709999999999999,0.054000000000000006,1,19040601,20040930.0,28247,28247,450.0,1300.0,1820.0,2150.0,2520.0,2710.0,2900.0,3270.0,3700.0,4330.0,5510.0,6650.0,8720.0,17700.0,25300.0,39900.0,80100.0,6946.453,8126.038999999999,1,http://waterdata.usgs.gov/nwis/nwisman/?site_no=06214500,10070004,10,1007,100700,1904-06-01
06204050,10655,20432,USGS,6204050,West Rosebud Creek near Roscoe MT,30,MT,A,52.1,-109.7312844,45.2429983,-109.73129273,45.243278499999995,31.169,Y,39,0.769,0.095,1,19650901,20040930.0,14275,14275,2.5,16.0,26.0,34.0,44.0,51.0,59.0,72.0,80.0,97.0,132.0,159.0,177.0,222.0,351.2,629.48,1520.0,121.046,121.035,1,http://waterdata.usgs.gov/nwis/nwisman/?site_no=06204050,10070005,10,1007,100700,1965-09-01
06205000,10667,20719,USGS,6205000,Stillwater River near Absarokee MT,30,MT,A,975.0,-109.3873875,45.5510533,-109.38799286,45.55147552,66.608,Y,70,0.737,0.047,1,19091001,20040930.0,25705,25583,0.0,120.0,200.0,231.0,280.0,300.0,328.0,388.0,465.0,588.0,800.0,1020.0,1370.0,2640.0,3670.0,5800.0,10900.0,974.043,1211.74,1,http://waterdata.usgs.gov/nwis/nwisman/?site_no=06205000,10070005,10,1007,100700,1909-10-01
06207500,10676,20276,USGS,6207500,Clarks Fork Yellowstone River nr Belfry MT,30,MT,A,1154.0,-109.0654219,45.010225,-109.06539154,45.01003265,21.537,Y,83,0.635,0.077,1,19210801,20040930.0,30377,30377,33.0,76.0,140.0,170.0,202.0,219.0,231.0,260.0,300.0,370.0,561.0,802.0,1260.0,2870.0,4220.0,6870.0,12300.0,931.212,1438.652,1,http://waterdata.usgs.gov/nwis/nwisman/?site_no=06207500,10070006,10,1007,100700,1921-08-01
06209500,10677,20314,USGS,6209500,Rock Creek near Red Lodge MT,30,MT,A,124.0,-109.32990083,45.08609222,-109.32926259,45.08627022,53.958,Y,55,0.7709999999999999,0.046,1,19320501,20040930.0,20239,20239,14.0,20.0,26.0,29.0,33.0,35.0,38.0,47.0,65.0,102.0,172.0,224.0,278.0,474.0,646.0,1020.0,2370.0,170.669,222.375,1,http://waterdata.usgs.gov/nwis/nwisman/?site_no=06209500,10070006,10,1007,100700,1932-05-01
06211500,10686,20596,USGS,6211500,Willow Creek near Boyd MT,30,MT,A,53.3,-109.2304358,45.42216667,-109.23051453,45.42218018,6.341,Y,43,0.723,0.055999999999999994,1,19370522,20040930.0,15730,15728,0.0,3.2,9.4,14.0,21.0,23.0,25.0,29.0,34.0,39.0,46.0,50.0,56.0,70.0,87.0,160.0,1150.0,40.775,35.482,1,http://waterdata.usgs.gov/nwis/nwisman/?site_no=06211500,10070006,10,1007,100700,1937-05-22
06211000,10687,20610,USGS,6211000,Red Lodge Cr ab Cooney Re nr Boyd MT,30,MT,A,143.0,-109.2537703,45.4377222,-109.25334168,45.43789673,38.739000000000004,Y,43,0.667,0.086,1,19370523,20040930.0,15788,15762,0.0,5.0,13.0,18.0,26.0,30.0,34.0,42.0,52.0,66.0,84.0,100.0,122.0,191.0,283.0,490.0,2000.0,86.244,103.495,1,http://waterdata.usgs.gov/nwis/nwisman/?site_no=06211000,10070006,10,1007,100700,1937-05-23
06208500,10691,20637,USGS,6208500,Clarks Fork Yellowstone River at Edgar MT,30,MT,A,2022.0,-108.8437547,45.46605917,-108.84413909999998,45.46583557,39.003,Y,66,0.672,0.064,1,19210729,20040930.0,24171,24171,37.0,136.0,228.0,272.0,327.0,350.0,370.0,416.0,469.0,550.0,700.0,892.0,1260.0,2820.0,4080.0,6782.8,10600.0,1025.428,1364.766,1,http://waterdata.usgs.gov/nwis/nwisman/?site_no=06208500,10070006,10,1007,100700,1921-07-29
06217700,10698,21106,USGS,6217700,North Fork Crooked Cr trib nr Shepherd MT,30,MT,A,6.85,-108.5006906,46.06662389,-108.49985504,46.06638336,70.038,N,5,0.7659999999999999,0.39399999999999996,1,19920605,20030930.0,1965,1545,0.0,0.0,0.0,0.0,0.0,0.3,0.8,5.6,5.8,8.16,9.3,9.6,9.6,11.0,11.0,23.0,55.0,6.097,5.69,1,http://waterdata.usgs.gov/nwis/nwisman/?site_no=06217700,10070007,10,1007,100700,1992-06-05
06216000,10703,20603,USGS,6216000,Pryor Creek at Pryor MT,30,MT,A,117.0,-108.53429750000001,45.434952200000005,-108.53368378,45.43466949,57.38399999999999,Y,40,0.875,0.07400000000000001,1,19210619,20040930.0,14666,14666,3.2,7.0,11.0,15.0,19.0,21.0,22.0,25.0,27.0,29.0,32.0,35.0,38.0,48.0,61.0,130.0,1700.0,31.217,28.372,1,http://waterdata.usgs.gov/nwis/nwisman/?site_no=06216000,10070008,10,1007,100700,1921-06-19
12301933,17799,23037,USGS,12301933,Kootenai River bl Libby Dam nr Libby MT,30,MT,A,8985.0,-115.3207192,48.40079,-115.3187027,48.40066147,151.457,Y,33,0.6920000000000001,0.113,1,19711001,20040930.0,12054,12054,1900.0,2550.0,3010.0,3200.0,3980.0,4020.0,4100.0,6020.0,8230.0,11900.0,14800.0,16500.0,18600.0,21200.0,24400.0,28145.0,41200.0,10761.581,7366.562,1,http://waterdata.usgs.gov/nwis/nwisman/?site_no=12301933,17010101,17,1701,170101,1971-10-01
12301300,17809,23330,USGS,12301300,Tobacco River near Eureka MT,30,MT,A,440.0,-115.08794579999999,48.89357556,-115.08789825,48.89362717,6.678999999999999,Y,46,0.769,0.044000000000000004,1,19581000,20040930.0,16802,16802,20.0,40.0,56.0,67.0,82.0,90.0,97.0,112.0,130.0,162.0,239.0,314.0,417.0,699.0,927.0,1360.0,2510.0,264.828,298.802,1,http://waterdata.usgs.gov/nwis/nwisman/?site_no=12301300,17010101,17,1701,170101,1958-10-00
12302055,17813,23000,USGS,12302055,Fisher River near Libby MT,30,MT,A,838.0,-115.314885,48.3555122,-115.31468964,48.35563278,19.75,Y,37,0.728,0.055999999999999994,1,19671001,20040930.0,13515,13515,35.0,60.0,84.0,97.0,116.0,125.0,136.0,162.0,207.0,284.0,448.0,586.0,742.0,1250.0,1760.0,2910.0,7790.0,477.227,619.222,1,http://waterdata.usgs.gov/nwis/nwisman/?site_no=12302055,17010102,17,1701,170101,1967-10-01
12304500,17814,23137,USGS,12304500,Yaak River near Troy MT,30,MT,A,766.0,-115.97018,48.56188667,-115.9701767,48.56180191,9.33,Y,48,0.669,0.077,1,19560301,20040930.0,17746,17746,49.0,77.0,100.0,119.0,150.0,163.0,179.0,220.0,284.0,403.0,678.0,904.25,1290.0,2560.0,3790.0,6150.6,11600.0,862.658,1296.344,1,http://waterdata.usgs.gov/nwis/nwisman/?site_no=12304500,17010103,17,1701,170101,1956-03-01
12305000,17818,23177,USGS,12305000,KOOTENAI RIVER AT LEONIA ID,16,ID,A,-999999.0,-116.04740731,48.61771904,-116.04832459,48.61748886,72.903,Y,55,0.784,0.065,1,19280324,19830930.0,20278,20276,0.0,2247.9,2900.0,3450.0,4350.0,4780.0,5200.0,6220.0,7860.0,10500.0,14800.0,17800.0,20900.0,33700.0,47000.0,70900.0,122000.0,14081.882,14897.063999999998,1,http://waterdata.usgs.gov/nwis/nwisman/?site_no=12305000,17010104,17,1701,170101,1928-03-24
12310100,17826,23216,USGS,12310100,KOOTENAI RIVER @ TRIBAL HATCHERY NR BONNERS FERRY,16,ID,A,-999999.0,-116.36972222,48.70527778,-116.36985016,48.70457459,77.915,Y,2,0.813,0.059000000000000004,1,20021001,20040930.0,731,731,4230.0,4463.2,4800.0,5000.0,5284.0,5570.0,6370.0,8790.0,10700.0,12700.0,14200.0,14900.0,16160.0,19480.0,22400.0,30104.0,31500.0,11521.218,6114.2390000000005,1,http://waterdata.usgs.gov/nwis/nwisman/?site_no=12310100,17010104,17,1701,170101,2002-10-01
12322000,17843,23417,USGS,12322000,KOOTENAI RIVER AT PORTHILL ID,16,ID,A,13700.0,-116.50854475,48.99634071,-116.50868225,48.99702454,75.798,Y,76,0.7829999999999999,0.07,1,19281001,20040930.0,27759,27759,1380.0,2690.0,3530.0,4310.0,5380.0,5820.0,6320.0,7750.0,10200.0,13500.0,17700.0,20200.0,22700.0,34100.0,48900.0,76400.0,125000.0,15765.865,15250.098,1,http://waterdata.usgs.gov/nwis/nwisman/?site_no=12322000,17010104,17,1701,170101,1928-10-01
12321500,17844,23418,USGS,12321500,BOUNDARY CREEK NR PORTHILL ID,16,ID,A,97.0,-116.56910386,48.99717201,-116.56878662,48.99704361,27.410999999999998,Y,75,0.68,0.079,1,19280516,20040930.0,27540,27540,6.0,15.0,19.0,23.0,30.0,33.0,36.0,45.0,60.0,84.0,134.0,182.0,273.0,637.9,954.0,1510.0,3100.0,201.197,325.513,1,http://waterdata.usgs.gov/nwis/nwisman/?site_no=12321500,17010104,17,1701,170101,1928-05-16
12306500,17847,23422,USGS,12306500,MOYIE RIVER AT EASTPORT ID,16,ID,A,570.0,-116.17981667,48.99918611,-116.18045416,48.99924192,47.626000000000005,Y,75,0.6940000000000001,0.086,1,19290901,20040930.0,27424,27424,23.0,41.0,56.0,66.0,87.0,99.0,112.0,140.0,180.0,265.0,459.5,654.0,999.0,2240.0,3270.0,5107.5,8930.0,685.671,1113.3210000000001,1,http://waterdata.usgs.gov/nwis/nwisman/?site_no=12306500,17010105,17,1701,170101,1929-09-01
12323240,17849,21053,USGS,12323240,Blacktail Creek at Butte MT,30,MT,A,95.4,-112.53656972,45.99459583,-112.53571442,45.99472735,67.941,Y,16,0.836,0.076,1,19881001,20040930.0,5844,5844,4.2,5.3,6.2,6.7,7.3,7.6,7.9,8.7,9.7,11.0,12.0,13.0,14.0,20.0,28.0,50.0,211.0,12.227,9.543,1,http://waterdata.usgs.gov/nwis/nwisman/?site_no=12323240,17010201,17,1701,170102,1988-10-01
12323250,17850,21055,USGS,12323250,Silver Bow Cr bl Blacktail Cr at Butte MT,30,MT,A,103.0,-112.5628014,45.99687056,-112.56287384,45.99693679999999,9.254,Y,21,0.873,0.046,1,19831001,20040930.0,7671,7671,8.0,12.0,14.0,15.0,16.0,16.0,17.0,18.0,19.0,21.0,22.0,24.0,25.0,32.0,41.0,65.0,258.0,22.169,10.934000000000001,1,http://waterdata.usgs.gov/nwis/nwisman/?site_no=12323250,17010201,17,1701,170102,1983-10-01
12323720,17854,21148,USGS,12323720,"Willow Creek at Opportunity, MT",30,MT,A,-999999.0,-112.81059280000001,46.10714778,-112.81062317,46.10719299,5.541,Y,1,0.8079999999999999,-999999.0,1,20030401,20040930.0,549,549,4.0,4.1,4.1,4.6,5.2,5.6,5.9,6.3,6.6,7.2,7.9,9.55,14.0,20.0,25.0,47.5,61.0,9.658,7.726,1,http://waterdata.usgs.gov/nwis/nwisman/?site_no=12323720,17010201,17,1701,170102,2003-04-01
12323600,17855,21149,USGS,12323600,Silver Bow Creek at Opportunity MT,30,MT,A,363.0,-112.8055925,46.1077033,-112.80532074,46.10780716,23.996,Y,15,0.826,0.062,1,19880700,20040930.0,5606,5606,11.0,13.0,18.0,21.0,25.0,27.0,28.0,33.8,39.0,44.0,49.0,54.0,61.0,89.0,119.0,282.86,1300.0,50.431000000000004,50.138000000000005,1,http://waterdata.usgs.gov/nwis/nwisman/?site_no=12323600,17010201,17,1701,170102,1988-07-00
12323700,17856,21156,USGS,12323700,"Mill Creek at Opportunity, MT",30,MT,A,-999999.0,-112.82064611,46.11430333,-112.81969401,46.11453673,78.14699999999999,Y,0,0.0,0.0,0,20030401,20030930.0,183,183,0.87,0.887,1.12,1.4,2.0,2.1,2.62,4.26,13.0,18.4,23.0,27.0,33.0,81.4,118.8,255.8,260.0,28.135,45.783,1,http://waterdata.usgs.gov/nwis/nwisman/?site_no=12323700,17010201,17,1701,170102,2003-04-01
12323760,17857,21178,USGS,12323760,Warm Springs Creek near Anaconda MT,30,MT,A,-999999.0,-112.90309599999999,46.1335369,-112.90315247,46.13367844,16.301,Y,7,0.86,0.043,1,19971001,20040930.0,2557,2557,15.0,30.0,40.0,42.0,47.0,50.0,53.0,58.0,65.0,72.0,83.0,88.0,95.0,122.2,189.2,310.0,598.0,79.896,53.895,1,http://waterdata.usgs.gov/nwis/nwisman/?site_no=12323760,17010201,17,1701,170102,1997-10-01
12323750,17858,21212,USGS,12323750,Silver Bow Creek at Warm Springs MT,30,MT,A,394.0,-112.78143194,46.17942278,-112.78060217,46.17953618,65.416,Y,18,0.8009999999999999,0.085,1,19720313,20030930.0,6593,6593,15.0,19.94,27.0,34.0,47.0,53.0,58.2,70.0,81.0,97.0,120.0,133.0,157.0,234.0,332.3,633.06,1220.0,116.976,113.488,1,http://waterdata.usgs.gov/nwis/nwisman/?site_no=12323750,17010201,17,1701,170102,1972-03-13
12323770,17859,21215,USGS,12323770,Warm Springs Creek at Warm Springs MT,30,MT,A,163.0,-112.78594889,46.18030056,-112.78507736,46.1806596,78.31,Y,21,0.74,0.081,1,19831001,20040930.0,7671,7669,0.0,0.61,3.86,7.6,18.0,22.0,25.0,30.0,37.0,43.0,50.0,56.0,64.0,95.0,152.4,287.84,475.0,49.583999999999996,52.871,1,http://waterdata.usgs.gov/nwis/nwisman/?site_no=12323770,17010201,17,1701,170102,1983-10-01
12323800,17860,21235,USGS,12323800,Clark Fork near Galen MT,30,MT,A,651.0,-112.76726000000001,46.20825889,-112.76735687,46.20826721,7.547999999999999,Y,16,0.8009999999999999,0.063,1,19880700,20040930.0,5936,5936,9.7,13.37,31.0,41.0,55.0,62.0,69.0,79.0,88.0,104.0,126.0,140.0,158.0,267.0,369.3,781.63,1210.0,128.891,133.039,1,http://waterdata.usgs.gov/nwis/nwisman/?site_no=12323800,17010201,17,1701,170102,1988-07-00
12323850,17861,21247,USGS,12323850,"Lost Creek near Galen, MT",30,MT,A,-999999.0,-112.7739269,46.217981099999996,-112.77394101,46.21835268,41.232,N,1,0.922,-999999.0,1,20030401,20040930.0,549,549,1.4,1.4,1.5,1.6,1.8,2.1,4.5,7.2,19.0,23.0,37.0,41.0,42.0,46.0,49.0,53.5,60.0,21.064,17.985,1,http://waterdata.usgs.gov/nwis/nwisman/?site_no=12323850,17010201,17,1701,170102,2003-04-01
12324200,17864,21429,USGS,12324200,Clark Fork at Deer Lodge MT,30,MT,A,995.0,-112.74281670000002,46.397705,-112.74257659999998,46.39771271,18.534000000000002,Y,26,0.835,0.049,1,19781001,20040930.0,9497,9497,22.0,27.0,51.0,90.0,137.0,152.0,167.0,190.0,217.0,250.0,285.0,301.0,326.0,402.0,565.0,1130.0,2390.0,254.433,193.699,1,http://waterdata.usgs.gov/nwis/nwisman/?site_no=12324200,17010201,17,1701,170102,1978-10-01
12324590,17866,21538,USGS,12324590,Little Blackfoot River near Garrison MT,30,MT,A,407.0,-112.79337579999999,46.5196511,-112.79320526,46.51953125,18.674,Y,32,0.7190000000000001,0.076,1,19720926,20040930.0,11693,11693,6.5,15.0,30.0,38.0,46.0,50.0,55.0,63.0,74.0,91.0,118.8,143.0,181.0,366.0,548.3,1050.0,6280.0,150.293,224.359,1,http://waterdata.usgs.gov/nwis/nwisman/?site_no=12324590,17010201,17,1701,170102,1972-09-26
12324680,17868,21613,USGS,12324680,Clark Fork at Goldcreek MT,30,MT,A,1760.0,-112.928661,46.590485799999996,-112.92869568,46.59003067,50.5,Y,27,0.8079999999999999,0.053,1,19770920,20040930.0,9873,9873,55.0,78.0,146.0,188.0,245.0,270.0,290.0,329.0,376.0,431.0,510.0,558.0,633.0,903.0,1343.0,2685.2,9100.0,507.341,480.254,1,http://waterdata.usgs.gov/nwis/nwisman/?site_no=12324680,17010201,17,1701,170102,1977-09-20
12331800,17872,21707,USGS,12331800,Clark Fork near Drummond MT,30,MT,A,2501.0,-113.33090829999999,46.712151899999995,-113.33077240000001,46.71200943,18.915,Y,11,0.815,0.045,1,19930401,20040930.0,4201,4201,77.0,139.04,211.0,274.0,375.0,407.0,438.0,500.0,556.0,616.0,702.0,765.0,866.0,1190.0,1640.0,3269.8,8430.0,696.827,567.807,1,http://waterdata.usgs.gov/nwis/nwisman/?site_no=12331800,17010201,17,1701,170102,1993-04-01
12334550,17874,21801,USGS,12334550,Clark Fork at Turah Bridge nr Bonner MT,30,MT,A,3641.0,-113.81426780000001,46.8260375,-113.81404114,46.82598114,18.452,Y,20,0.831,0.040999999999999995,1,19841001,20040930.0,7305,7305,200.0,277.0,425.3,500.0,611.0,651.0,687.0,765.0,841.0,954.0,1100.0,1210.0,1430.0,2290.0,3097.0,6203.4,9530.0,1183.772,1060.175,1,http://waterdata.usgs.gov/nwis/nwisman/?site_no=12334550,17010201,17,1701,170102,1984-10-01
12332000,17877,21218,USGS,12332000,Middle Fork Rock Cr nr Philipsburg MT,30,MT,A,123.0,-113.50247361,46.18449278,-113.50164898,46.18456984,64.362,Y,66,0.735,0.08900000000000001,1,19371001,20030930.0,24106,24106,5.3,16.0,24.0,27.0,32.0,35.0,36.0,41.0,47.0,58.0,79.0,103.0,148.6,325.0,500.0,869.0,1480.0,118.456,174.543,1,http://waterdata.usgs.gov/nwis/nwisman/?site_no=12332000,17010202,17,1701,170102,1937-10-01
12325500,17878,21257,USGS,12325500,Flint Creek near Southern Cross MT,30,MT,A,52.6,-113.29978329999999,46.23298056,-113.29986572,46.23279572,21.47,Y,62,0.882,0.084,1,19401001,20040930.0,22706,22705,0.0,3.6,4.9,7.0,13.0,14.0,16.0,26.0,28.0,30.0,31.0,32.0,34.0,50.0,76.0,126.0,172.0,29.294,22.798000000000002,1,http://waterdata.usgs.gov/nwis/nwisman/?site_no=12325500,17010202,17,1701,170102,1940-10-01
12329500,17888,21478,USGS,12329500,Flint Creek at Maxville MT,30,MT,A,208.0,-113.2397869,46.46381556,-113.24026489,46.46380615,36.835,Y,63,0.815,0.039,1,19410729,20040930.0,23069,23069,15.0,27.0,36.0,43.0,54.0,58.0,62.0,70.0,79.0,90.0,104.0,113.0,124.0,166.0,218.0,368.0,933.0,96.575,65.32600000000001,1,http://waterdata.usgs.gov/nwis/nwisman/?site_no=12329500,17010202,17,1701,170102,1941-07-29
12330000,17889,21487,USGS,12330000,Boulder Creek at Maxville MT,30,MT,A,71.3,-113.23395330000001,46.47214889,-113.23580933,46.47169495,151.553,Y,65,0.723,0.077,1,19390500,20040930.0,23895,23895,2.8,6.1,10.0,12.0,16.0,17.0,18.0,20.0,22.0,24.0,30.0,36.0,48.0,108.0,182.0,331.0,1140.0,44.623000000000005,64.295,1,http://waterdata.usgs.gov/nwis/nwisman/?site_no=12330000,17010202,17,1701,170102,1939-05-00
12331500,17896,21645,USGS,12331500,Flint Creek near Drummond MT,30,MT,A,490.0,-113.15089640000002,46.628818599999995,-113.15071869,46.62878418,14.177999999999999,Y,15,0.741,0.062,1,19471020,20040930.0,5580,5580,0.59,3.8810000000000002,10.0,22.0,50.0,62.0,71.0,90.0,100.0,113.0,133.0,148.0,164.0,224.0,332.0,752.0,1800.0,126.035,128.21200000000002,1,http://waterdata.usgs.gov/nwis/nwisman/?site_no=12331500,17010202,17,1701,170102,1947-10-20
12334510,17898,21712,USGS,12334510,Rock Creek near Clinton MT,30,MT,A,885.0,-113.68315,46.722426899999995,-113.68315125,46.72242737,0.109,Y,31,0.779,0.06,1,19721001,20030930.0,11322,11322,38.0,95.0,130.0,151.0,177.0,188.75,200.0,227.0,263.5,309.0,400.0,497.25,654.4,1240.0,1930.0,3607.7,5480.0,520.101,673.2860000000001,1,http://waterdata.usgs.gov/nwis/nwisman/?site_no=12334510,17010202,17,1701,170102,1972-10-01
12335500,17899,21759,USGS,12335500,"Nevada Cr ab Reservoir, nr Helmville, MT",30,MT,A,116.0,-112.76754394,46.77826941,-112.76775359999999,46.7777977,54.653,Y,65,0.597,0.086,1,19390500,20040930.0,23895,23895,2.0,3.6,5.0,6.4,8.800000000000002,9.9,11.0,13.0,15.0,18.0,25.0,31.0,42.0,86.0,140.0,292.0,1240.0,35.12,58.711999999999996,1,http://waterdata.usgs.gov/nwis/nwisman/?site_no=12335500,17010203,17,1701,170102,1939-05-00
12340500,17903,21855,USGS,12340500,Clark Fork above Missoula MT,30,MT,A,5999.0,-113.93232859999999,46.8771469,-113.93193054,46.87725449,32.717,Y,75,0.804,0.05,1,19290301,20040930.0,27608,27608,340.0,634.0,861.0,1000.0,1190.0,1260.0,1340.0,1490.0,1660.0,1910.0,2400.0,2950.0,3830.0,6860.0,9870.0,16400.0,30800.0,2924.732,3203.792,1,http://waterdata.usgs.gov/nwis/nwisman/?site_no=12340500,17010203,17,1701,170102,1929-03-01
12337800,17904,21864,USGS,12337800,Nevada Creek at mouth nr Helmville,30,MT,A,-999999.0,-113.0386675,46.89160306,-113.03842926,46.89160156,18.234,Y,3,0.7190000000000001,0.059000000000000004,1,20011001,20040930.0,1096,1096,6.0,12.0,16.0,19.0,20.0,21.0,22.0,23.0,25.0,28.0,35.0,40.0,45.0,71.0,107.0,224.0,500.0,39.13,40.798,1,http://waterdata.usgs.gov/nwis/nwisman/?site_no=12337800,17010203,17,1701,170102,2001-10-01
12340000,17905,21872,USGS,12340000,Blackfoot River near Bonner MT,30,MT,A,2290.0,-113.7564872,46.89965,-113.75632477,46.89945602,24.811,Y,70,0.812,0.057999999999999996,1,18980701,20040930.0,25726,25726,200.0,320.0,405.0,450.0,520.0,550.0,580.0,647.0,740.0,897.0,1210.0,1580.0,2160.0,4130.0,6060.0,9900.0,18000.0,1597.283,2015.773,1,http://waterdata.usgs.gov/nwis/nwisman/?site_no=12340000,17010203,17,1701,170102,1898-07-01
12335100,17906,21889,USGS,12335100,Blackfoot R ab Nevada Cr nr Helmville MT,30,MT,A,494.0,-113.01533219999999,46.91910417,-113.01503754,46.91884613,36.385999999999996,Y,5,0.8490000000000001,0.055,1,19991001,20040930.0,1827,1827,90.0,100.0,120.0,130.0,137.0,140.0,144.0,150.0,163.0,176.0,210.0,250.0,348.0,615.2,765.6,1497.2,1820.0,272.889,265.117,1,http://waterdata.usgs.gov/nwis/nwisman/?site_no=12335100,17010203,17,1701,170102,1999-10-01
12338300,17911,21930,USGS,12338300,NF Blackfoot R ab Dry Gulch nr Ovando MT,30,MT,A,-999999.0,-113.0922803,46.97966028,-113.09223175,46.97959137,8.481,Y,6,0.758,0.061,1,19970828,20030930.0,2225,2225,72.0,77.0,86.0,91.0,105.2,113.0,118.0,140.0,162.0,183.0,242.0,315.0,458.8,971.8,1410.0,2607.4,3870.0,362.066,504.505,1,http://waterdata.usgs.gov/nwis/nwisman/?site_no=12338300,17010203,17,1701,170102,1997-08-28
12353000,17920,21845,USGS,12353000,Clark Fork below Missoula MT,30,MT,A,9003.0,-114.1267794,46.8690897,-114.12766266,46.86875534,77.09099999999998,Y,75,0.784,0.057,1,19291001,20040930.0,27394,27394,580.0,980.95,1380.0,1620.0,1950.0,2060.0,2200.0,2460.0,2780.0,3260.0,4170.0,5230.0,7120.0,13200.0,19300.0,31600.0,54100.0,5323.984,6291.895,1,http://waterdata.usgs.gov/nwis/nwisman/?site_no=12353000,17010204,17,1701,170102,1929-10-01
12354000,17927,22184,USGS,12354000,"St. Regis River near St. Regis, MT",30,MT,A,303.0,-115.12263940000001,47.29687417,-115.12264252,47.29679871,8.346,Y,24,0.726,0.055999999999999994,1,19100900,20040930.0,8961,8961,45.0,74.0,90.0,100.0,120.0,130.0,142.0,173.0,230.0,339.0,560.8,755.0,1010.0,1740.0,2490.0,3940.0,8500.0,624.933,857.23,1,http://waterdata.usgs.gov/nwis/nwisman/?site_no=12354000,17010204,17,1701,170102,1910-09-00
12354500,17928,22187,USGS,12354500,Clark Fork at St. Regis MT,30,MT,A,10709.0,-115.0873606,47.3018744,-115.08686829,47.30172348,40.992,Y,87,0.8109999999999999,0.051,1,19101100,20030930.0,32110,32110,800.0,1500.0,1980.0,2230.0,2630.0,2800.0,2980.0,3310.0,3730.0,4430.0,5980.0,7700.0,10200.0,18400.0,26600.0,41689.0,68500.0,7347.465,8502.795,1,http://waterdata.usgs.gov/nwis/nwisman/?site_no=12354500,17010204,17,1701,170102,1910-11-00
12342500,17929,20845,USGS,12342500,West Fork Bitterroot River nr Conner MT,30,MT,A,317.0,-114.281475,45.72491806,-114.28220367,45.72489929,56.798,Y,63,0.733,0.10800000000000001,1,19410501,20040930.0,23164,23164,0.6,12.0,48.25,58.0,67.0,75.0,84.0,101.0,116.0,152.0,220.0,269.0,321.0,625.0,1110.0,2030.0,3900.0,266.681,392.61199999999997,1,http://waterdata.usgs.gov/nwis/nwisman/?site_no=12342500,17010205,17,1701,170102,1941-05-01
12343400,17931,20971,USGS,12343400,East Fork Bitterroot River nr Conner MT,30,MT,A,381.0,-114.0656378,45.8832533,-114.06623077,45.88305664,50.99100000000001,Y,20,0.7020000000000001,0.12300000000000001,1,19560401,20040930.0,7492,7492,25.0,45.0,65.0,72.0,83.0,87.0,91.0,103.0,116.0,142.0,193.0,239.75,347.4,782.3999999999999,1240.0,2011.4,3640.0,287.827,416.22900000000004,1,http://waterdata.usgs.gov/nwis/nwisman/?site_no=12343400,17010205,17,1701,170102,1956-04-01
12344000,17934,21041,USGS,12344000,Bitterroot River near Darby MT,30,MT,A,1049.0,-114.1414742,45.9721425,-114.14126587,45.97216797,16.413,Y,67,0.733,0.078,1,19370401,20040930.0,24655,24655,80.0,128.0,169.0,194.0,230.0,247.0,267.0,309.0,369.0,455.0,623.0,806.0,1170.0,2340.0,3650.0,6150.0,11000.0,875.302,1243.5410000000002,1,http://waterdata.usgs.gov/nwis/nwisman/?site_no=12344000,17010205,17,1701,170102,1937-04-01
12346500,17939,21200,USGS,12346500,Skalkaho Creek near Hamilton MT,30,MT,A,87.79999999999998,-113.94869750000001,46.161032500000005,-113.94870758,46.16086578,18.512999999999998,Y,29,0.815,0.071,1,19481201,20030930.0,10935,10935,13.0,17.0,21.0,23.0,26.0,27.0,29.0,34.0,40.0,49.0,67.0,85.0,112.0,258.0,406.2,565.64,1010.0,91.95100000000001,124.837,1,http://waterdata.usgs.gov/nwis/nwisman/?site_no=12346500,17010205,17,1701,170102,1948-12-01
12350250,17948,21461,USGS,12350250,Bitterroot River at Bell Crossing nr Victor MT,30,MT,A,1963.0,-114.1237122,46.44325556,-114.12376404,46.44328308,5.026,Y,7,0.591,0.02,1,19870401,20040930.0,2894,2894,63.0,84.0,178.5,234.5,321.0,366.75,415.0,500.0,611.0,952.0,1760.0,2310.0,3040.0,4840.0,6665.0,12510.0,17500.0,1778.945,2446.254,1,http://waterdata.usgs.gov/nwis/nwisman/?site_no=12350250,17010205,17,1701,170102,1987-04-01
12351200,17951,21653,USGS,12351200,Bitterroot River near Florence MT,30,MT,A,2354.0,-114.05093970000001,46.63325639,-114.05095673,46.63317108,9.541,Y,10,0.727,0.06,1,19570908,20040930.0,3860,3860,300.0,425.05,524.0,580.0,652.0,700.0,745.0,862.0,1040.0,1260.0,1700.0,2047.5,2680.0,5740.0,8959.0,13700.0,19600.0,2178.105,2838.865,1,http://waterdata.usgs.gov/nwis/nwisman/?site_no=12351200,17010205,17,1701,170102,1957-09-08
12352500,17955,21807,USGS,12352500,Bitterroot River near Missoula MT,30,MT,A,2814.0,-114.05399969999999,46.83186778,-114.05489349,46.83180618,68.806,Y,20,0.753,0.049,1,18980701,20040930.0,7430,7430,300.0,440.0,557.55,629.0,728.2,779.0,828.2999999999997,950.0,1100.0,1300.0,1800.0,2320.0,3280.0,6070.0,8989.0,16800.0,37400.0,2404.751,3288.783,1,http://waterdata.usgs.gov/nwis/nwisman/?site_no=12352500,17010205,17,1701,170102,1898-07-01
12355500,17956,23098,USGS,12355500,N F Flathead River nr Columbia Falls MT,30,MT,A,1548.0,-114.12762439999999,48.4955219,-114.12680817,48.49586868,71.913,Y,79,0.7559999999999999,0.06,1,19101000,20040930.0,29135,29135,200.0,370.0,480.0,557.0,690.0,750.0,815.0,971.0,1220.0,1600.0,2490.0,3320.0,4700.0,8610.0,12200.0,18200.0,58000.0,3020.926,4021.292,1,http://waterdata.usgs.gov/nwis/nwisman/?site_no=12355500,17010206,17,1701,170102,1910-10-00
12355000,17959,23426,USGS,12355000,Flathead River at Flathead British Columbia,30,MT,A,427.0,-114.47737079999999,49.0005286,-114.47517395,48.99994659,174.861,N,63,0.685,0.076,1,19290401,20040930.0,23125,23125,62.0,95.0,123.0,142.0,180.0,197.0,213.0,258.0,325.0,441.0,714.0,1010.0,1470.0,2930.0,4360.0,6724.8,16800.0,980.92,1467.985,1,http://waterdata.usgs.gov/nwis/nwisman/?site_no=12355000,17010206,17,1701,170102,1929-04-01
12358500,17964,23097,USGS,12358500,Middle Fork Flathead River nr West Glacier MT,30,MT,A,1128.0,-114.0101189,48.49524417,-114.01027679,48.49557114,37.87,Y,65,0.7240000000000001,0.053,1,19391001,20040930.0,23742,23742,189.0,290.0,376.0,434.0,550.0,614.0,682.0,850.0,1100.0,1480.0,2290.0,3150.0,4490.0,8387.0,11900.0,18100.0,92700.0,2868.224,4024.785,1,http://waterdata.usgs.gov/nwis/nwisman/?site_no=12358500,17010207,17,1701,170102,1939-10-01
12363000,17975,23011,USGS,12363000,Flathead River at Columbia Falls MT,30,MT,A,4464.0,-114.1848483,48.3619086,-114.18444061,48.36167145,40.157,Y,76,0.711,0.083,1,19220601,20040930.0,28096,28096,850.0,1140.0,1520.0,1890.0,2680.0,3260.0,3570.0,4220.0,5830.0,8000.0,10500.0,11400.0,13700.0,23200.0,31900.0,48900.0,158000.0,9630.696000000002,10323.214000000002,1,http://waterdata.usgs.gov/nwis/nwisman/?site_no=12363000,17010208,17,1701,170102,1922-06-01
12359800,17978,22748,USGS,12359800,S F Flathead R ab Twin C nr Hungry Horse MT,30,MT,A,1160.0,-113.560923,47.979115,-113.56067658,47.97919846,20.706,Y,31,0.667,0.05,1,19641001,20040930.0,11424,11424,135.0,210.0,260.0,305.0,385.0,425.0,475.5,592.0,794.0,1160.0,2145.0,3090.0,4180.0,7560.0,10600.0,16600.0,29500.0,2514.0460000000003,3636.472,1,http://waterdata.usgs.gov/nwis/nwisman/?site_no=12359800,17010209,17,1701,170102,1964-10-01
12362500,17988,23001,USGS,12362500,S F Flathead River nr Columbia Falls MT,30,MT,A,1663.0,-114.037618,48.3566308,-114.03786469,48.35655975,20.05,Y,80,0.541,0.20800000000000002,1,19110201,20040930.0,29529,29529,7.3,150.0,180.0,295.0,507.0,625.0,782.0,1250.0,2040.0,2700.0,4390.0,5330.0,6520.0,9310.0,10700.0,18800.0,40800.0,3562.598,4145.612,1,http://waterdata.usgs.gov/nwis/nwisman/?site_no=12362500,17010209,17,1701,170102,1911-02-01
12365000,17991,22974,USGS,12365000,Stillwater River near Whitefish MT,30,MT,A,524.0,-114.3873575,48.3188519,-114.38721466,48.31908417,27.728,Y,50,0.8420000000000001,0.054000000000000006,1,19301001,20040930.0,18565,18565,17.0,52.0,63.0,70.0,86.0,94.0,100.0,120.0,145.0,192.0,289.0,383.0,515.8,955.0,1320.0,2193.4,4560.0,346.77,458.097,1,http://waterdata.usgs.gov/nwis/nwisman/?site_no=12365000,17010210,17,1701,170102,1930-10-01
12366000,17992,22977,USGS,12366000,Whitefish River near Kalispell MT,30,MT,A,170.0,-114.27846389999999,48.320241100000004,-114.27854156,48.32024002,5.816,Y,52,0.855,0.07400000000000001,1,19280801,20040930.0,18997,18997,5.0,15.0,35.0,43.0,54.0,59.0,65.0,78.0,95.0,124.0,171.0,223.0,307.0,525.0,696.2,982.0,1580.0,192.576,220.145,1,http://waterdata.usgs.gov/nwis/nwisman/?site_no=12366000,17010210,17,1701,170102,1928-08-01
12370000,17999,22780,USGS,12370000,Swan River near Bigfork MT,30,MT,A,671.0,-113.97982890000002,48.024396100000004,-113.97882079999998,48.02429962,76.569,Y,82,0.831,0.051,1,19220501,20040930.0,30104,30104,193.0,284.0,331.0,362.0,419.0,450.0,477.0,547.0,631.0,788.0,1110.0,1420.0,1800.0,2850.0,3660.0,5240.0,8800.0,1153.173,1135.493,1,http://waterdata.usgs.gov/nwis/nwisman/?site_no=12370000,17010211,17,1701,170102,1922-05-01
12383500,18007,22037,USGS,12383500,Big Knife Creek near Arlee MT,30,MT,A,6.88,-113.97427169999999,47.14742806,-113.97442627,47.14732361,16.502,Y,25,0.895,0.025,1,19100801,20040930.0,9322,9322,1.7,3.5,3.9,4.3,5.0,5.4,5.8,6.8,8.2,9.6,12.0,13.0,15.0,22.0,30.0,44.0,78.0,11.155999999999999,8.843999999999998,1,http://waterdata.usgs.gov/nwis/nwisman/?site_no=12383500,17010212,17,1701,170102,1910-08-01
12387450,18011,22052,USGS,12387450,Valley Creek near Arlee MT,30,MT,A,15.3,-114.2306708,47.17020389,-114.23079681,47.17029953,14.286,Y,13,0.836,0.031,1,19821000,20040930.0,5102,5102,5.0,5.8,6.4,6.9,7.9,8.4,8.800000000000002,9.8,11.0,13.0,16.0,19.0,21.0,31.0,42.0,74.0,110.0,16.016,13.28,1,http://waterdata.usgs.gov/nwis/nwisman/?site_no=12387450,17010212,17,1701,170102,1982-10-00
12381400,18013,22081,USGS,12381400,South Fork Jocko River near Arlee MT,30,MT,A,56.0,-113.8506533,47.19548639,-113.85073090000002,47.19556046,10.102,Y,22,0.78,0.069,1,19820928,20040930.0,8039,8039,2.0,4.5,7.5,9.4,12.0,13.0,15.0,18.0,23.0,30.0,46.0,59.0,81.0,153.0,218.0,398.6,1060.0,56.093999999999994,81.367,1,http://waterdata.usgs.gov/nwis/nwisman/?site_no=12381400,17010212,17,1701,170102,1982-09-28
12388400,18018,22150,USGS,12388400,Revais Cr bl West Fork nr Dixon MT,30,MT,A,23.4,-114.4067864,47.2663172,-114.40684509,47.26631546,4.47,Y,22,0.7390000000000001,0.076,1,19821000,20040930.0,8036,8036,2.5,3.4,3.8,4.0,4.5,4.9,5.2,6.2,7.3,8.800000000000002,12.0,15.75,22.0,47.0,68.0,146.0,316.0,17.777,27.605999999999998,1,http://waterdata.usgs.gov/nwis/nwisman/?site_no=12388400,17010212,17,1701,170102,1982-10-00
12388200,18021,22198,USGS,12388200,Jocko River at Dixon MT,30,MT,A,380.0,-114.297618,47.31187389,-114.29738617,47.31212616,32.992,Y,14,0.877,0.026000000000000002,1,19900401,20040930.0,5297,5297,74.0,100.0,112.0,121.0,131.0,137.0,143.0,156.0,169.0,183.0,201.0,216.0,240.0,378.4,586.1,1100.0,2540.0,226.83,201.15900000000002,1,http://waterdata.usgs.gov/nwis/nwisman/?site_no=12388200,17010212,17,1701,170102,1990-04-01
12377150,18023,22215,USGS,12377150,Mission Cr ab Reservoir nr ST Ignatius MT,30,MT,A,12.4,-113.97954750000001,47.322986900000004,-113.97942352,47.3228569,17.186,Y,22,0.713,0.034,1,19820928,20040930.0,8039,8039,5.5,7.0,8.2,9.0,10.0,11.0,13.0,16.0,22.0,29.0,42.0,54.0,76.0,136.0,183.0,286.6,472.0,48.455,61.803000000000004,1,http://waterdata.usgs.gov/nwis/nwisman/?site_no=12377150,17010212,17,1701,170102,1982-09-28
12388700,18025,22258,USGS,12388700,Flathead River at Perma MT,30,MT,A,8795.0,-114.5851264,47.36743189999999,-114.58499145,47.36677551,73.268,Y,21,0.843,0.052000000000000005,1,19831001,20040930.0,7671,7671,2670.0,3930.0,4216.0,5372.0,6740.0,7340.0,8066.0,9090.0,10200.0,11300.0,12400.0,12900.0,13700.0,17000.0,24200.0,42200.0,53400.0,11384.052,6745.701,1,http://waterdata.usgs.gov/nwis/nwisman/?site_no=12388700,17010212,17,1701,170102,1983-10-01
12375900,18031,22367,USGS,12375900,South Crow Creek near Ronan MT,30,MT,A,7.57,-114.0267742,47.4916,-114.02661133,47.49142075,23.339000000000002,Y,22,0.768,0.053,1,19820929,20040930.0,8038,8038,3.0,5.0,5.6,6.1,6.7,7.0,7.4,8.4,9.5,11.0,16.0,20.0,26.0,52.0,71.0,107.61,276.0,19.646,23.656999999999996,1,http://waterdata.usgs.gov/nwis/nwisman/?site_no=12375900,17010212,17,1701,170102,1982-09-29
12372000,18034,22526,USGS,12372000,Flathead River near Polson MT,30,MT,A,7096.0,-114.246788,47.6802158,-114.24672699,47.68029785,10.166,Y,96,0.787,0.099,1,19070801,20040930.0,35339,35339,32.0,1800.0,2590.0,3130.0,4160.0,4670.0,5340.0,6780.0,8280.0,9930.0,11800.0,12800.0,14400.0,25200.0,35700.0,52700.0,82100.0,11465.444,10732.66,1,http://waterdata.usgs.gov/nwis/nwisman/?site_no=12372000,17010212,17,1701,170102,1907-08-01
12374250,18036,22636,USGS,12374250,Mill Cr ab Bassoo Cr nr Niarada MT,30,MT,A,19.6,-114.69763030000001,47.82966417,-114.69786072,47.82986069,27.791999999999998,Y,22,0.762,0.08,1,19820801,20040930.0,8067,8067,1.0,1.6,1.8,2.0,2.3,2.4,2.5,2.8,3.3,4.1,6.4,8.1,11.0,19.0,29.0,57.0,155.0,7.849,11.530999999999999,1,http://waterdata.usgs.gov/nwis/nwisman/?site_no=12374250,17010212,17,1701,170102,1982-08-01
12389000,18040,22320,USGS,12389000,Clark Fork near Plains MT,30,MT,A,19958.0,-114.85596640000001,47.4296569,-114.85646820000001,47.42926788,57.435,Y,94,0.85,0.067,1,19101000,20040930.0,34334,34334,3200.0,4620.0,5690.0,6500.0,8050.0,8800.0,9680.0,11400.0,13100.0,15200.0,17700.0,20500.0,25400.0,44150.0,62400.0,91465.0,133000.0,19510.451,18248.965,1,http://waterdata.usgs.gov/nwis/nwisman/?site_no=12389000,17010213,17,1701,170102,1910-10-00
12390700,18042,22458,USGS,12390700,Prospect Creek at Thompson Falls MT,30,MT,A,182.0,-115.355153,47.586046100000004,-115.35511017,47.58610153,6.928,Y,48,0.738,0.075,1,19560401,20040930.0,17715,17715,25.0,30.0,37.0,43.0,52.0,57.0,62.0,76.0,101.0,140.0,219.0,283.0,371.0,655.0,906.4,1510.0,4960.0,240.69099999999997,320.18,1,http://waterdata.usgs.gov/nwis/nwisman/?site_no=12390700,17010213,17,1701,170102,1956-04-01
12389500,18043,22464,USGS,12389500,Thompson River near Thompson Falls MT,30,MT,A,642.0,-115.229593,47.59188056,-115.22954559,47.59186935,3.7969999999999997,Y,49,0.802,0.054000000000000006,1,19110301,20040930.0,17929,17929,67.0,101.0,119.0,132.0,161.0,172.0,183.0,206.0,239.0,296.0,398.0,488.0,632.0,1090.0,1510.0,2590.0,5360.0,450.99699999999996,511.23800000000006,1,http://waterdata.usgs.gov/nwis/nwisman/?site_no=12389500,17010213,17,1701,170102,1911-03-01
12391400,18045,22734,USGS,12391400,Clark Fork bl Noxon Rapids Dam nr Noxon MT,30,MT,A,21833.0,-115.7337836,47.96104306,-115.73350525,47.96127319,32.915,Y,44,0.6459999999999999,0.07200000000000001,1,19600601,20040930.0,16193,16193,60.0,3290.0,5727.0,7230.0,9750.0,10700.0,11600.0,13300.0,15000.0,16900.0,19800.0,22000.0,26000.0,40400.0,55600.0,86812.0,125000.0,20091.107,16558.391,1,http://waterdata.usgs.gov/nwis/nwisman/?site_no=12391400,17010213,17,1701,170102,1960-06-01
12391950,18047,22821,USGS,12391950,CLARK FORK RIVER BELOW CABINET GORGE DAM ID,16,ID,A,-999999.0,-116.07277778,48.08805556,-116.07365714,48.08723819,111.738,Y,9,0.688,0.046,1,19951000,20040930.0,3288,3288,3330.0,5310.0,5790.0,6729.0,8740.0,9825.0,10970.0,13000.0,15200.0,18400.0,22700.0,26575.0,31700.0,43610.0,59210.0,103220.0,130000.0,21595.067000000003,18642.558,1,http://waterdata.usgs.gov/nwis/nwisman/?site_no=12391950,17010213,17,1701,170102,1995-10-00
12392000,18048,22824,USGS,12392000,CLARK FORK AT WHITEHORSE RAPIDS NR CABINET ID,16,ID,A,22073.0,-116.11763889,48.09300833,-116.11764526,48.092296600000005,78.45999999999998,Y,76,0.7340000000000001,0.107,1,19281001,20040930.0,27759,27759,762.0,4286.0,6030.0,7180.0,9150.0,10200.0,11200.0,13400.0,15600.0,18000.0,21600.0,24700.0,29600.0,47800.0,65100.0,95000.0,153000.0,21931.752999999997,19236.429,1,http://waterdata.usgs.gov/nwis/nwisman/?site_no=12392000,17010213,17,1701,170102,1928-10-01
12392155,18049,22865,USGS,12392155,LIGHTNING CREEK AT CLARK FORK ID,16,ID,A,115.2,-116.18323104,48.15103856,-116.18309784,48.15087509,20.605,Y,15,0.515,0.087,1,19881001,20040930.0,5574,5545,0.0,3.575,8.375,14.0,26.0,35.0,50.0,94.0,145.5,235.0,365.5,484.25,673.0,1240.0,1750.0,2640.0,4970.0,408.524,607.828,1,http://waterdata.usgs.gov/nwis/nwisman/?site_no=12392155,17010213,17,1701,170102,1988-10-01
12395000,18057,22910,USGS,12395000,PRIEST RIVER NR PRIEST RIVER ID,16,ID,A,902.0,-116.91464294,48.20852,-116.91517639,48.2084465,40.821999999999996,Y,78,0.82,0.065,1,19030700,20040930.0,28523,28523,160.0,189.0,264.0,334.0,461.0,528.0,603.0,792.0,999.0,1270.0,1730.0,2080.0,2560.0,4200.0,5510.0,7247.6,10700.0,1647.8310000000001,1663.0770000000002,1,http://waterdata.usgs.gov/nwis/nwisman/?site_no=12395000,17010215,17,1701,170102,1903-07-00
12394000,18059,23066,USGS,12394000,PRIEST RIVER NR COOLIN ID,16,ID,A,611.0,-116.90048341,48.45186127,-116.90061951,48.45207214,25.343000000000004,Y,56,0.758,0.084,1,19481001,20040930.0,20454,20454,38.0,69.0,115.0,192.0,317.0,386.0,450.0,577.0,735.5,954.0,1310.0,1560.0,1910.0,3410.0,4670.0,6160.0,9120.0,1277.146,1409.013,1,http://waterdata.usgs.gov/nwis/nwisman/?site_no=12394000,17010215,17,1701,170102,1948-10-01
12395500,18062,22895,USGS,12395500,PEND OREILLE RIVER AT NEWPORT WA,16,ID,A,24200.0,-117.03436893,48.18212792,-117.03231811,48.18315506,191.02599999999998,Y,74,0.8320000000000001,0.076,1,19030700,20040930.0,27121,27121,2420.0,5116.6,7250.0,8640.0,11200.0,12600.0,13800.0,16200.0,18800.0,21700.0,25700.0,28400.0,33300.0,52200.0,70590.0,96378.0,135000.0,25042.862,19836.823,1,http://waterdata.usgs.gov/nwis/nwisman/?site_no=12395500,17010216,17,1701,170102,1903-07-00
12396500,18067,23264,USGS,12396500,"PEND OREILLE RIVER BELOW BOX CANYON NEAR IONE, WA",53,WA,A,24900.0,-117.41635592,48.78102736,-117.4157486,48.78183746,99.85,Y,52,0.8079999999999999,0.046,1,19521001,20040930.0,18993,18993,82.0,5959.4,9010.0,11100.0,14000.0,15200.0,16200.0,18400.0,20700.0,23500.0,26900.0,28900.0,33400.0,51500.0,68200.0,96100.0,136000.0,26360.654,18739.985,1,http://waterdata.usgs.gov/nwis/nwisman/?site_no=12396500,17010216,17,1701,170102,1952-10-01
12397100,18069,23301,USGS,12397100,"OUTLET CREEK NEAR METALINE FALLS, WA",53,WA,A,51.5,-117.28774194,48.84492215,-117.28810883,48.84489059,27.467,Y,44,0.638,0.14800000000000002,1,19590101,20030930.0,16344,16344,1.5,2.0,3.0,6.1,15.0,18.0,19.0,22.0,25.0,33.0,56.0,81.0,129.0,245.0,299.0,436.55,842.0,74.718,103.536,1,http://waterdata.usgs.gov/nwis/nwisman/?site_no=12397100,17010216,17,1701,170102,1959-01-01
12398000,18072,23314,USGS,12398000,"SULLIVAN CREEK AT METALINE FALLS, WA",53,WA,A,142.0,-117.3641331,48.860198100000005,-117.36608124,48.86101913,170.482,Y,24,0.7170000000000001,0.067,1,19531001,20030930.0,8926,8926,27.0,40.0,50.0,56.0,66.0,73.0,80.0,96.8,114.0,156.0,240.0,296.0,348.0,547.0,842.0,1514.6,4020.0,238.488,299.725,1,http://waterdata.usgs.gov/nwis/nwisman/?site_no=12398000,17010216,17,1701,170102,1953-10-01
12398600,18075,23421,USGS,12398600,PEND OREILLE RIVER AT INTERNATIONAL BOUNDARY,53,WA,A,25200.0,-117.35357937,48.99881409,-117.35278319999999,48.99896622,61.308,Y,39,0.76,0.051,1,19621201,20030930.0,14548,14543,0.0,5560.0,8940.0,11100.0,14100.0,15300.0,16400.0,18600.0,20900.0,23700.0,26800.0,29100.0,33100.0,48910.0,65400.0,99700.0,134000.0,26166.083,18489.596999999998,1,http://waterdata.usgs.gov/nwis/nwisman/?site_no=12398600,17010216,17,1701,170102,1962-12-01
